제,명시,키세,요,!!!,이,게,국민,여론,입니다,.,개인,비리,를,감쌀,단계,가,아닙니다,~
뭔,개,소리,냐,그,래서,해명,하고,있,더냐,??,쌉,소리,그,만하,고,즉각,제명,시켜라,당,내부,에서도,빨리,제명,하라,는,소리,안,들리냐,??,당,대표,가,상황,파악,사리,분간,못,해서,어떻게,이끌어,낼꺼냐,?
해찬,이도,미,향,이,가,죽으면,안되는,모양,이네,.,살릴,려고,gryb,하,는걸,보니,.
기레기,제목,하곤,...,팩트,체크,좀,하자,!!
내,가,하면,진실,규명,.,적폐,청산,.,니,가,하면,신상털기,.,악,의적,흠집,내기,.
당,대표,는,개,쌉,소리,그,만하,고,즉각,제명,해,라,잘,해,보라,고,표준,거지,횡령,자,감싸,라고,느그,들,표준,거,아니,다,.,치매,걸린,소리,작작,하고,즉각,제명,하라
시간,끌,고,개원,하면,면책특권,으로,함부로,못,하니,그거,기,다리,는,듯
계속,쌉,소리,할꺼면,너,도,의원직,사퇴,해,라,횡령,자,한,년땜시,당,전체,를,개말아,쳐,먹을꺼면,그냥,사퇴,해,라
오만,방자,함,이다,이,젠,총,체적,도덕,불감증,이다
이정,부인사,들은,지네,편이,하면,엄청,관대,하고,상대편,에게는,엄청,엄격,하네요
당,신들,이,싫어하는,검찰,이,조사,중인,데,..,조사,결과,가,나오면,믿기는,할거야,?
이해찬,이사,람,언제,까지,정치,할,생각,인가,민주당,에,득,이라곤,하나,도안,되는,사람
도대체,이,당,은,국민,은,안중,에도,없고,자기,들,만의,세상,에서,사는군,.
카멜레온,이,울,고,가겠네,이,의원님,때문,에,..,다,알아요,국민,들도,정대협,정,의연,의,소프트웨어,적,필요성,에,대해,서요,그걸,사용,하는,유저,들이,윤미향,같은,파렴치,한,이었다면,위안부,세월호,5.18,에,기대,어,존재,하는,당,신들,의,기반,도,허상,이,될,수도,있겠죠,그걸,파고,들면,전두환,매달,자고,이승만,이,박정희,가,나라,망쳤다고,벅벅,거리,던,당,신들,은,설자리,없,어요,과거,사,합리,적,으로,정리,하고,미래,도,좀,보고,나라,살림,도,챙,기고,정의,연,같은,부도덕,한,존재,들은,떼어내고,일,좀,합시다,.,KAL,기,진상,조사,?,북,의,억울,함,을,풀어,준다고,?,일,하세요,사람,답,게
시시비비,가,려,지면,그걸,당,신들,이따,르기,나하,고,?,불,리하,면,무슨,핑계,라도,걸거,자,나,.,안,봐,도,다,알것,같다
좀,기다려,조만간,한,사람,은,자살,하고,한,사람,은,죽어,라고,한,건아,닌데,할거고,ㅜ,그래도,친일,청산,과,소녀,상,은,계속,이,어가,야,한다
왜,일본,이,좋,아하,는,지,명확,한,진위,가,가려져,야한다
어떻게,해서,라도,30일,을,넘기겠다는,것,인가,?
여태,헛소리,만,늘어놓,다가,...,이제,와,서,무슨,개,소리,...,멍,멍,멍
만에,하나,천,에,하나,윤씨,가,음모,에,당한,거,라면,?,난,윤씨,가,할머니,찾,아가,무릎,꿇고,사과,했단,얘기,듣고,심,적,으론,절대로,죄,지었다고,믿고있,다만,하,지만,어디,까지,나,의,생각,일,뿐,아직,까진,그렇다,할,확증,이,없지,않,는가,?,그렇다고,당,에서,바로,퇴,출시,키,고,국회의원,파면,시키는건,아니,라고,생각,된다,또,한가지,아무,리,우리나라,정치가,시궁창,이,벌레,들,이자,민주당,만큼은,이번,사안,에,그,어떤,증거,가,나오면,윤씨,가,만두,지,않을거라,믿음,저기,통합,당,보다,이점,은,믿는다,그,들,은,지금,힘든,국민,국가,는,뒷전,이고,이명,박근혜,사면,하란,다,모르는,사,람보,면,지,들이,선거,에서,대승,한,줄,알겠다
국회,열릴,때,까지,잠수,탈듯,.,결국,4년,버티는,것일,뿐,.
책임,질,사람,은,당연히,책임,을,져야지,?,문재인,과,더,불어,민주당,이,?
사캐,노인,총선,끝나고,사퇴,한,다,안,했소,?,근데,잘,하고,있소,더듬어,민주당,의,민낯,을,보여줘서,ㅋㅋㅋ,종,신기원,합니다,!!!
세상,에,억울,한,사람,이,한,둘,인가,?,아니,땐,굴뚝,에,연기,나랴,?,공공,단체,는,무엇,이든,한,점,꺼릴것,없이,투명,해,야지,?,더,불어,제대로,해야,한다,!,잘나서,표준,것,아니,란걸,잘알아라
그러,니깐,요,!!!,그,책임,져,야할,사람,이,윤미향,이라고,요,!!!,신상,을,안,털,어도,여기저기,서,자꾸만,뭐,가,나오잖아요
당,연한,말씀,입니다,..,은퇴,하기,전,에,..,윤,짜장,과,쓰래,기언,론,정리,좀,하고,가시,면,..,정말,감사,하겠습니다,~~
더,커,지기,전,에,잘,라라
됬다,.,국민,이,4년,참으면,되지,",",대선,까지,니,들,이,먹으면,나라,아작,나,는거고
처음,엔,두둔,하,더니
당,연한,말씀,!,사실,과,다른,신상털기,보도,에서는,지켜줘,야한다,.,언론,에,또,당하,면,안된다,.,언론,개혁,이,필요,한,이유,!!
이런,놈,도,한,집권,당,의,대표,를,할수,있다는것이,경이,롭다,나라,꼴,이라니,....
그래도,민주당,지지,하는,사람,의,뇌,는,어떤,모양,일까,?
김해영,이,박용진,이,이,인간,들은,꼭,안빠,지고,입,을,놀려요,.,당신,같은,소리,누,군,할줄,몰,라서,안,하는줄,알,아,!,ㅡ,조중동,이,그렇게,편,파적,으로,털,어서,안,자빠질,놈,얼마나,될지,생각,해,봤어,?
더러,운,인간,들,.....,똥,내,나,는,것,들,이,지,배하,는,족,같은,나라
이,해골,바가지,ㅅㄲ,야니,도,똑같은,ㅅㄲ,네,뭘,지켜보겠다는,거,냐,똑같,이나,눠쳐먹었,나,~
윤미향,과,정의,연,(,정대혚,),은,맨날,일본,대사관,앞,에서,데모,나,하고,일본,에,대해,서,나쁘게만,이야기,하고,있고,그걸,기초,로,하여,정부,의,기,부금,과,국민,성금,을,모으는,수단,으로,활용,하고,있다,정부,도,어쩔,수,없이,정,의연,에,끌려가는,측면,이,있는데,이,게다,윤미향,과,정,의연,의,각본,에,의한거로,본다,일본,데,사관,앞,에서,수십,년,간,데모,를,해도,변한건,없다,이제,는,할머니,말,대로,일본,과,친하게,지,내면,서,일본학,생,들,에게,위안부,피해자,할머니,에,대해,서,가르,치고,결국,일본,의,사과,를,받,아내,야,한다
이대,표,말,이,그런,뜻,이야,?,참,해석,도,한겨레,스럽군,!
이,해골,바가지,언제,치워지,는가,누가,좀,화장,터,갓,다,태워라
30년,동안,흡혈귀,가,.,정치자금,으로,흘러간,불법,자금,조사,해,라,.,주,범,이,숨어,잇다,.,배후,의,남편,게,좌,추,적하,면,.,주,범,이,보일것,이고,양,아치,가,방패,막,이다,.,부전선,거,전문,사기,군도,추적,해,라
30년,을,위안부,할머니,를,위해,한,게,아니,고요,민주당,의,지시,를,받고,반대편,몰이,하는것에,몰두,하고,자기,들,진영,챙,기고,영,달,을,꾀,하는데,열정,을,다,했겠죠
이제,조용히,물러날,준비,나하시,지,나,서지,마시고,.,계속,속보,이,는,소리,그,만하,시,고,.
문,재앙,이랑,너,랑,손,잡고,그,만두,면,되겠네,.,더,불어,강간,당,",",더,불어,구라,당
기다릴것,없고,빨리,구속,하세요,변명,거리,만,들,려고,시간,끄,나본,데이,젠,이런,식안,통해,요미,통,당,이랑,당,신들,도,똑같아,.,그러면
너,나,책임,져라,교육부,장관,일,때,교육,정책,이따,위로,만들어,놓고,~~~
쟤,들,나중,에,증거,대고,검찰,이,잡으면,기획,수사,했다고,그러니까,쟤,네,는,대법원,전원,일치,도,뜬금,없이,검찰,탓,하는,넘,들이잖아
사실관계,수사,결과,를,지켜보자는,입장,이면,조국,사태,는,왜,못,기,다리,고,자꾸,개입,했나,?
국회의원,되,후,에,면책,되,도록,하는,건가,요,그,래서,시시비비,미루는,건가,요
"""",30,여,년,의,활동,이,정,쟁의,구실,이,되,거나,"""",:,왠,만해,야,말,을,안,하지,.,나랏돈,",",기부,금,합치,면,수백,억,단위,다,.,●,"""",악의,적,폄훼,",",우파,의,악용,대상,이,될,순,없다,".""",-,이런,걸,그냥,넘기,라고,?,민주당,여럿,연관,되어,있,던데,?,악의,가,아니,라,진실,이다,●,특히,일본,언론,에서,대단히,왜곡,된,보도,를,많이,하고,있다,"""",:,일본언론,?,ㅋㅋㅋㅋ,또,시작,이,냐,?,할머니,들이,친일파,냐,고,!,미쳤나,보다,.,●,다,한,통속,.,한겨레,도,한,걸레,.
내,가,하면,정의,구현,남,이,하면,신상,털기냐,?,이런,ㅁ,이,대표,라고,앉아,있으니
세상,은,변해가는데,정부,비방,수꼴,퇘지들,은,변함이,없,구나,.,하기야,니,들,이,변하는,날,은,화,장터,로,가는,날이겠,지만,...,쩝,!
부정선거,는,목숨,으로,책임,지,셔,야하는거,아닙니,껴,?
결과,나오면,뭐,해,??,대법원,유죄,판결,도,무죄,라는,넘,들이,결과,나,와도,아니,라고,우기,면,그만,이,잔,아
당,신들,이,윤,을,옹호,할,수록,",",같은,구린내,종족,이라는,것,을,깨닫게,해준다,.
일본,언론,의,왜곡,보도,",",이건,윤미향,과,정의,연,책임,인데,이,게,왜,윤미향,비,판하,는,사람,들,책임,이,냐
아,..,민주당,지지자,라는,게,참으로,창피,하고,부끄럽습니다,.,구렁이,담,넘,어가,듯,슬쩍,넘,어가,실,려고,하네요,.
시시비비,?,그게,뭔,데,비리,노인학,대,횡령,.,도둑질,핸거,명명백백,다,밝혀졌는데,뭘,기다려,시시비비,는,무슨,?,이,도둑,놈,들,우리,피,같은,혈,세로,앉아서,저따위,짓거리,나,하고,저,것,들,뽑은,사람,들,나라,가,산으,로기,는,거,다,책임,져라
할,매가,잘못,알,고,계신것은,정확,하게,얘길,해줘야지,옆,에선,사람,들,뭥미,??,내버려,두는건,??
이씨,는,판단,능력,이,떨어져,보입니,다집,으로,가셨으면,...
하,찬,이,한풀,꺾였네,.,무조건,감출,려고,만,하지,말고,진작,에,그랬어야지
이,늙은이,임마,이,거,는,말,도안,되는,소리,하고,자빠졌네,멍청이,같은,넘,구역질,나,네
30년,동안,위안부,할머니,이용,해서,돈벌이,시키고,",",기부,금,",",정부,지원,금,착복,한,게,할머니,들을,위해,서,라고,??,더,불어,민주당,의,주장,은,.,위안부,",",징,용공,은,조선인,을,위,한,거,라고,하는,파렴치,한,일본,우익,과,다를,바,없다,.
무책임,한,여당,이해찬,은,이제,물러,나라,ᆢ,누가,민주당,뽑았는지,ᆢ,참,ᆢ,땅,을,치,며,후회,할것
그냥,",",윤미향,을,니,가,착임,지면,되잖아,!,후견인,노릇,하느라,애쓴다,!
더,불어,아베,당,에서,위안부,문제,를,해결,할,려고,노력,은,안,하고,정,의연,에,맡기다,시피,하다,보니,윤미향,이,가,돈벌이,로,활용,했,했다,더,불어,아베,당,도,책임,을,통감,해,야한다
할배,가,책임,지면,되겠다,.
뭘,지켜봐,빨갱이,들아,라고,네일,베가,외칩니다
아눼,~~~,현금,으로,집,5,채,살,수,있는,운,미,향,..,남편,연봉,2500,에,딸,미국,유학,시킬,수,있는,유미,향,.,지켜보면,조작,하겠지,ㅋㅋ,조작,정권
법,을,바꿔,야합,니,다,.,국회의원,되,어도,국회,거치,지,말고,바로,처벌,받을수있는,법,을,.,국민,들이,다시,일어,나,야,민주당,이,할거,같은데요,.,180,석,받았다고,지금,배,째,라,그러고있네요
윤미향,이,사퇴,할,필요,없다,.,민주당,아,범죄인,",",사기꾼,",",양,아치,계속,감싸고,계속,두둔,해,라,.,그리,고,전,국민,에게,두고두고,영원,이,씹혀라,.
유서,대필,공작,검사,곽상도,와,비례,공천,떨,어진,최용,상이,이용수,할머니,옆,에,딱,붙어있다는,것,자체,가,매국노,기레기,들,과의,공작,질,이라는,반증,이다,...,아베,정부,의,하수,인들,....,국민,들은,안,속,는다,.,일본,원숭이,나,속지,...,윤미향,과,정의,연,힘내라,....
친일파,들
민주당,얘기,네
왜,넘,핏물,팅긴,백제,후백제,빨갛게,물든,대진,연,입,에,가이거,품,물,고,돈,받고,댓글,달아라
너,도,책임,져,이,놈,아,~~,니,가,5.18,유,공자,냐,??
윤미양,살리,고자,그,아랬것들,한테,책임,뒤집어,씌우는건,아니,겠지,??,하긴,저,것,들,은,믿을,수가,있어야지,....
한국,의,3,대,민주주의,사쿠라,~,이철승,.,김경재,.,이해찬,(,젊었을,땐,김대중,대통령,이름,팔고,.,중년,이,돼,서는,노무현,대통령,이름,팔,아,해처,먹고,.,늙,어선,노사모,뒤,에서,상왕,짓,해처,먹는다,),아조,디,런,××,지,ㅉㅉ,하루,빨리,나무,에,거름,이,되던가,재,가,되,야할텐데,~
이해찬,~,몇,년전,자기,형,토지,문제,로,공무원,한테,갑질,하고,뺨,싸다구,까지,날린,~,ㅋㅋ,이런,작자,들이,금,뱃지,를,다니,나라,가,이,꼬,라지,~^^
할머니,께,상처,가,되는,발언,을,하는,의원,들,이나,자제,좀,시,키세,요,.,책임,있는,정당,의,모습,을,보,여주,세요,.
꼴통,좌파,스런,말,만,하네,.,이,게,좌파,우파,나누고,니,편,내,편,나눌,일,이라고,생,각하,는,저,머릿속,.,나이,가,많,구나,.,거만,하고,오,만하,구나,.
이해찬,씨,.,그릇,된,언론,들의,신상털기,로,생각,하고,계신다면,",",이런,가짜,뉴스,탓,하,지만,말고,",",가짜,뉴스,를,용납,하지,않겠다는,용기,있는,행동,을,하,시기,바랍니다,.,국,민정,체성,까지,흔드는,이,사건,을,지극,히,관,대하,게,대응,하고,계시,네,요,!,검찰,수사,결과,에는,승복,할,건가,요,?,상당,히,현실,감각,이,떨어,지고,있는,모습,입니다,.
친일,프레임,이나,진영,논리,에,기대,어,회,피하,면서,불신,을,키우고,의혹,을,증폭,시켜,왔다,.,윤,당선인,의,지금,까지의,해명,은,그,진실,여부,를,떠나,책임,있는,단체,의,지도력,이,행,하는,것,으로,인정,하기,어렵다,.,민주당,은,철,저하,게,조사,해,야,한다,.
민주화,운동,ㅋ,ㅋ,출세,의,도구,이,겠지
리해,찬,한,괴뢰,윤미향,이랑,한,패거리,잖어,눈치,보네,ㅋㅋ,OOO,들
언론,들,검찰,에,아부,하느라,일본,에,힘,실어,주느라,애쓴다,.,문제,없는거,문제,만들,어서,일본,과,검찰,에,헌,신하,는,언론,들,~,우짜,노,이제,귀엽다,~,ㅎㅎ,그,놈,의,카더라,까더라,나중,에,아니,면,말고,야,야,언론,니,들,이제,웃,껴,~,ㅋㅋ
해찬,아,정신,좀,차려,라,이,더럽,고추,악한,~~~,놈,아
국민,들은,생각,을,잘,해봐,야한다,이,들,이,했다는,민주화,운동,이,말,은,민주화,운동,인데,지금,정권,이,자유,민주주의,를,수호,하고,있는지,?,그,말,그대로,자유,민주주의,운동,을,했다는,집단,이,정권,을,잡았,다라,면,독,재정권,인,북한,",",중국,추종,은,절대,할수,없는,일,이다,그런데,현,정권,은,중,",",북,하,수인,짓거리,하는게,뻔히,보이,고,사회주의,공산주의,랑,한,뜻,을,함께,하겠다고,사회주의,16,개,국가,들과,아세안,협정,을,맺고,시장경제,규제,하고,좌지우지,하며,기업,을,옥죄,고,있고,기업,을,하나,둘,국유화,시키려,하고,있고,실세,를,힘,입어,온갖,잡,다한,죄,들,이,밝혀져도,누구,하나,법,의심,판,없이,이슈,들이,무마,되고있다
사기꾼,더불,어망,할당
기사,타이틀,고쳤네,.,.,.,ㅋㅋㅋ,.,.,한,걸레
해골,은,관짝,으로
국민,다수,가,같은,의견,인데,이,늙은이,만,항상,반대,네,.,자기,아,류,에,빠져,국민,의,뜻,을,간과,하고,잘못,된,공천,에,대해,사과,하고,책임,져라
더,민주당,오만,",",독선,",",고집,하,다가,국민,심판,받는다,~,위안부,할머니,두,번,죽,이지마,라윤,당선자,스스로,사퇴,시켜라,민심,역행,하면,자폭,~~
역시,진영,논리,로,가는,종북좌파,민주당,답,다,~,조국,때,처럼,오래,끌어,주기,바란,다
아무,래,도,윤미향,을,파는,앵벌이,가,따로,있는듯,한,느낌,이다,.,그,큰,돈,을,누가,먹었냐고,?
문재인,(,1953~2020,)
이정,도,논란,이면,선조,치,후,관망,이,맞을듯,!,통장,내,역,보고,꿰맞춘,해명,은,필요,없을듯,.,뺒,지,달,아,버리면,국회의원,체포,동의,안,.,구속,처리,등,부담,만,더할듯,.,모든,국정,의,블랙홀,이,또,되겠지,!
맞습니다,~,잘잘못,을,확실,히,밝히고,사퇴,를,하던,시키던,하야,지,요,~~,옳소
부산,에서,팽,당한,김해영,!!,어디,서,함부로,꺼부냐,??,니,가,뭐,냐,??,넌,암,것,도아,니,다,.,이,젠,그만,그,입돔,다,물라,!!,너,로,하여금,똥,당,똥베,들,얼마나,힘났냐,!!,넌,누구,냐,얼척,없다,그만,꺼져라,!!
아무,리,공이,있더,리도,모든,것,이,가식,과,위선,으로,이루,어졌다,면,무조건,나쁜것
거대,여당,의,힘,은,이럴,때,보,여주,는,건,어떨까,요,?,윤미향,씨,결백,하고,그,의혹,들이,민주당,과,관계,없다면,",",해명,도,",",사실관계,도,좋,아하,시,는,정의,롭고,공정,한,방법,으로,빨리,밝히시면,되지,않,습,니까,.,왜,간만,보고,계십,니까,!
이해찬,대표,는,간,보기,그,만하,시,고,윤미향,이를,퇴,출시,켜,야합,니,다,설사,통,합당,이,할머니,와,의견,조율,하여,발표,한,것,이라,하여,도,정신,말짱,하신,92,세,드신,할머니,가,뭐,가,욕심,나,서,구구절,절,히,기자회견,하셨겠나요,단,적,으로,벽,시계,하나,밥,한,끼,사,달라,는,말씀,에,돈,없다고,뇌,까,리,는,그런,인간,이,진정,할머님,들을,위해,일해,왔다고,생,각하,는,지요,요런,사태,를,만들은,자체,만으로도,퇴,출은,당,연한,거,아닌,가요,나중,에,사,법적,인,문제,는,검찰,이,할,일이,고요
뭘,지켜봐,?,21,대,국회,열리고,불,체포,특권,때,까지,버티,기냐,?,너,도,엥,간히,해,라,!,마이,얻어,묵었드,나,..
남,얘기,하,듯이,하죠,?,공천,책임,있는,이해찬,과,",",사실,확인,도,안,됐으,면서,함께,하니,어쩌,니,한,김태년,원내,가,책임,지시,죠,.,윤미향,당선자,는,당,연하,고요,.
책,임질,사람,=,이해찬,아닌,가요,?
이해찬,니,가,책임,져,입,만,털지,말고,.,민주당,망치,는,악의,축
의혹,밝히는것을,우파,의,악용,이라,네,!!!
시시비비,를,내,로남불,기준,이로하,니,되겠니,?
그럼,책임,지고,사퇴,하시면,되겠소,!!,민주당,을,망치,는,악의,축,이,당,신입,니,다,!!
니,가,가장,문제,고,적폐임,..,할배,면,이제,는,좀,물러나서,손주,들,이나,보세요,...
윤미향,공천,한,이해찬,부터,내려,오라,",",이해찬,이,더있다간,민주당,폭,망한다,",",의,석수,많다고,그것,해수욕장,모래성,과,같다,",",국민,여론,파도,가,치면,흔적,도,없이,사,라진,다,ᆢ
윤미향,=,이해찬
수구,왜구,세력,이랑,매국,보수,새,퀴,들,검,언,새,들,총공격,하는거,보니,딱,보인다,이용수,할매,말년,에,안타,깝,네
늦었어,영감,탱,이,.,이번,건,으로,파란,일베,를,만들어,냈,더구만
싸,그리,감방,행,죽창,맞아,되질,넘,들,이네,~~,사전투표,조작,범죄,집단
정치,검찰,처,한,할,명단,공수,처가,출범,하는,즉시,",",압수수색,한,후,구속,되어져,야할,적폐,검사,",",판사,리스트,윤석렬,",",한동훈,",",고형곤,",",송경호,검사,",",강남,일,",",김태은윤,대진,",",신자,용,",",양,석조,",",김창진,",",이복,현,",",여환,섭,",",노환,균,(,한명숙,기소,),임관,석,",",정형식,",",양승태,",",송경호,판사,",",차,문호
아직,정신,못,차렸구만,..
친일파,조,할,때,민주당,이,더,많,이나,왔지,토착,왜구,들
지금,사태,도,시간,지나,면서,봐야지,.,몇,일,이나,지났다고,계속,다른,이슈,몰이,로,확인,도,안된것을,내보내니,...,그,들,에겐,속도,가,중,요한,가보,네,.
근대,이사,람,5.18,유공,자,.,당시,광주,사태,현장,에도,없었다,하,던데,그것,이,궁굼하,다,.,혈세,가,들,어가,는,곳,이니까,.
노인,네,치매,걸렸나,?,뭘,지켜봐,?,권력,욕심,그만,부리고,은퇴,나,해,라
혹시,이해찬,은,악덕,포주,윤미향,과,혹시,사귀는거야,?,그런거야,?,받은것이,많은거야,?,그런거야,?,왜,?,이렇게,쩔쩔,매는,거야,?,5,천만,국민,들은,이해찬,과,윤미향,이,어떤,관계,인지,너무나도,궁금합니다,!
부정부패,저지,른,사람,이,비례,로,국회의원,되는게,나라,냐,?,국회의원,되는,날,만,기다릴,려고,묵비권,.,나라,가,이래,돌,아가,면,안된다,.
좌파,들,돈,쳐,먹는데는,죄다,성역,걸어놓고,해쳐,먹는,구나,ㅋ
댓글,들이,썩었다,.
토착,왜구,들에,당하,지,말고,소신,있게,끌,고,나가,자
해골,독재,심하다,180,명,일동,함구,북한,공산당
조용히,지켜보자,잘못,하면,그때,갈궈도,늦지,않는다,여론,몰이,그,만하,자,.
여론,나빠,지니,바로,꼬리,내리네,.,와,국민,이,성숙,해,야,한다고,멍멍,이,소리,를,하,더니,만,.,ㅋㅋㅋ
할머니,들,피,빨,아,먹고,한국,과,일본,이,간질,해,온,정,의연,은,해체,하고,제대로,된,사회,활동,기관,을,만들어,야한다,.,이용수,할머니,의,생각,을,최대한,반,영하,는,사회,활동,기관,이,어야,함
민주당,온도,차,봐라,....
한,걸레,는,문,닫아라,.,말,의,요점,을,못,잡고,",",오히려,의,도적,으로,교묘,히,피해,가네,.,해,찬이는,굳,굳이,조사,받으며,국회의원,해,먹을,수,있는데,까지,해먹,으,라는,거,로,읽히는데,.,ㅉㅉ
수사,를,윤석열,이,지시,했는데,믿을수있겠나,???
숨지,말고,숨겨,주지,말고,당사자,가,나와서,답변,하고,책임,을,져야하는게,의원,으로,의무,가,아닐까,요,?,30년,동안,순,수하,게,한,행위,까지,폄,하하,려는,것,이,아닙니다,.,그렇다고,그동안,의,노고,?,때문,에,잘못,을,덮어줄,수,는,없는거,고요,.,민주당,대표,가,왜,그렇게,감싸주는지,...,없던,의구,심마,저,들게,합니다,.
벌,받을,사람,을,벌,받,아야,지,요,.,시시비비,잘,따져서,그렇게,합시다,.,왜,그렇게,몰아쳐서,닥,달하는지,진짜,이해찬,대표,말,처럼,징,하다,.,징,해,말,이,떠오르네,.
정신차려라,이해찬,니,들,당,에,서도,정,의연,의,헌신,과,수고,이건,회계,랑,따로,봐야,한,다자,나,이런,의혹,들을,하나,도,해명,못,하는,상황,에서,두둔,하는,듯,한,발언,은,노망,으로,밖에는,안보,인,다,180,석,이,되니,보이,는,게,없냐,?,당장,너,부터,사퇴,하고,정계,은퇴,하라,~~!!!!
공천,누가,했어,이해찬,이,했,자,나,왜,감싸고,돌아,찢,같은,소,중이,야,모야
토착,왜구,들,좋아,죽는다,....,ㅋㅋ
얍삽,한,기회,주의자,이해찬,해골,",",하루,빨리,정계,퇴,출,되어야,이,나라,정치가,산다,.
니,얘,깁니다,니,이일,에,책임,없다는,듯이,얘,기하,네,?,당신,이나,책임,지고,사퇴,해,라
윤미향,이랑,손,잡고,나,가라,제발,좀
니,가,총선,때,민주,쪽,총,책임자,였,자,나,ㅋㅋ,너,가,책임,져야겠네
너,같은게,여당,대표,라니,한심하다
이,게,맞다,.,이용수,할머니,가,주변,뱀,혓바닥,에,속,은,걸,수도,있는거다,.,왜,객관,적,수사,를,기,다리,지,못,하나,?!,윤석열,장모,의,진짜,사기,의혹,이나,요,구하라,!!!!!!
자기,소개,.
김해영,",",박용진,씨,!!,제,2,의,금태섭,이,되지,않길,바랍니다,.
4일,만,버티면,국회의원,불체포특권,으로,비비,기,들,어간,다,.,어차피,대중,은,개돼지,라,몇,일,지나,면,잠잠,해,지겠죠,?,이해찬,대표,님,?
그게,너,라고,.,역대,최악,공천,해놓고,당,대표,라는,게,남,얘기,하듯,뒤,로,빠,지네,.
이정,도,논란,이면,선조,치,후,관망,이,맞을듯,!,통장,내,역,보고,꿰맞춘,해명,은,필요,없을듯,.,뺒,지,달,아,버리면,국회의원,체포,동의,안,.,구속,처리,등,부담,만,더할듯,.,모든,국정,의,블랙홀,이,또,되겠지,!
윤미향,이,시민운동,하는데,이런,사건,이,터졌다면,당신,들,말,대로,지켜본,뒤,판단,할수,있겠지요,!,하,지만,저런,의문,이,제기,되고,속속,비리,가,밝혀,지고,있는,사람,이,몇,일있으면,국민,을,대표,할,국회의원,이,되기,때문,에,국민,들이,이러는,겁니다,!
니,들,의,주,특기,는,소,잃고,외양간,고,치기,다,.,그리,고,제발,말,과,행동,이,다른,슬로건,좀,치워라,.,국민,의,뜻,을,겸허,히,받아,드리겠다는,!
이해찬,이,윤미향,두둔,하는거,보니,혹시,뭐,있는것,아니,가,검찰,에서,몰래,조사,해,봐라
자기,소개,인가,?,이해찬,이,책임,져라
이해찬,씨,당신,이,책임,져야지,설마,대통령,에게,책임,지라,는,건가,요,?
이제,부터,니,들,은,친일,욕,할,자격,도,없다,!,쪽바리,한테,당한,할머니,를,등,쳐,묵는,녀,ㄴ,을,옹호,하는,개,맞도,못,한,것,들,!,!,!
ㅎㅎ,자신,이,구려,서,안,한다는,사람,억지로,시켰으니,이해찬,당대,표,난감,하네,~~~
나도,할,수,있는,말,이지,만,치사,한,말,이라,그만,둔다
의원,한사,람,한,사람,이,입법기관,인데,민주당,의원,들은,노인,네,한마디,에,쥐,죽은듯,하니,최소한,의,양심,이나,소신,있는이는,공천,못,받,고산,송장,들만,있으니,금태섭,인가,그런,사람,대신,윤미향,을,에구
민주당,은,애초,부터,정,의연,과,윤미향,횡령,사건,조사,할,생각,이,없었다,.,왜,냐,?,지,들도,정,의연,과,윤미향,과,한,통속,일,뿐,아니,라,지금,까지,피해자,할머니,들,보다,더,큰,혜택,과,이익,을,누렸기,때문,이다,.,드러난,사실,만해,도,범죄,가,명백,한,데도,자꾸,말,을,돌리고,좌빨,앞잡이,들,동원,하여,설레,발,치는,것,도,전술,의,하나,이다,.,결국,국민,은,좌빨,의,먹,이감,밖에,더,될까,?
제,2,의,조국,사,태구,만,...,한,명,살릴려,다가,다,망치,는,게,민주당,의,특기,이,긴,하지
이,게,지금,시시비비,냐,해찬,들,어쩜,그리,못,됐냐,낼,모레,숨,넘,어가,는,할머니,앞,에두,고,양파,껍질,같은,윤미향,옹호,하고,싶냐,조국,1,차,대전,에,이어,윤미향,2,차,대전,이,냐,민,악당,에,라,더러,운것,들,퉤,~~~
노망,나,서,생각,을,못,하네
늙어,갈수록,더,추,해지,는,구나,.,뭘,더,기다려,",",그,자리,에,왜,앉아,있는지,모르겠다,.,당장,조치,해,야,하는게,니놈,들의,일,이다,.
자기,편의,문제,에,대한,판단,이,흐려,지는,분,들,이,어떻게,나라,를,책임,지나,?,정치인,의,처신,에,대한,제,고가,요망,되는,시대,다,.
어린이집,유치원,회계,투명,화,시킨,것,처럼,이번,기회,에,정부,지원,받는,시민단체,도,회계,투명,화,시스템,을,만들어야,합니다,.
으,휴,...,가,여운,할머니,들,등,에,빨대,꽂은,인간,을,기용,한,거,네,?,원종,건,도,그렇고,...,정말,이지,민주당,인간,들은,대체,뭘,조사,하고,영,입하,는,거,냐,?,월급,날로,먹는다
민주당,초,.,재선,의원,분들,절대,섞,어빠,진,민주당,사고,에,때,묻지,마세요,.,본인,들도,망치,고,나라,도,엉망,이,됩니다,.
동일,사안,에,대해,한일관계,현안,해결,에,있,어서,는,저자,세,ㆍ,밀실,ㆍ,매국,적,행태,를,보이,면서,국내,문제,로,비화,되면,정쟁,ㆍ,진영,ㆍ,뽑아,내기,에,매,달리,는,기본,흐름,이,있,음,을,부인,할,수,없을,것,이다,.
입다,물라,고,?!,그게,독선,이고,나,가면,ㄷ,늑재,가,되는거다,ㆍ,민주당,이러,다가,기회,놓,이면,결과,는,뻔하다
나라,가,온통,똥,냄새,가,진동,을,하는,구나,.,코로나,보다,똥,냄새,부터,해결,해,라,.,이,게,나라,냐,?
아직,정확,히,드러난,것,이,하나,도,없는데,알바,댓글,라,들,마녀사냥,제대로,하시네,.,차기,미,통,당,대선,후보,윤석열,이,지시,해서,검찰,에서,자료,싹,쓸이,압색,해서,조사,하고,있으,니까,!,쥐뿔,도,모르,면서,다,아는,척,단정,하고,욕,하는,사람,들,쫌,기다려,봐,!
정의,연,활동,성과,에,대한,부분,은,인정,해,야,하겠,지만,",""",헌신,"""",부분,은,인정,하기가,어렵다,.,개인,사리사,욕,을,챙기며,모금,활동,이,용이,한,이슈,를,이용,하기,위해,하나,의,수단,으로,활동,을,하였다면,",",그것,은,"""",헌신,"""",을,위,한,활동,이,아니,라,"""",영리,"""",를,위,한,활동,이다,.
무엇,을,더,두고,보나,?,이런,인간,이,정치,을,하니,.,참으로,안타,까운,일,이다,본인,이,얼마나,도독,질,해,먹었나,?,그러니까,도독,년,감싸다고,?
근데,왜,아직까지,해결,되지,않은,위안부,문제,를,어찌,해결,하자,는,의견,은,하나,도,없냐,?,이,덩,도,열의,면,수요집회,에,수십,만,명,씩,모,여야,하고,",",위안부,할머니,원수,를,갚기,위해,일본,과,전쟁,이라도,한번,해야,하지,않나,?,아베,가,그리,노발,대발,했다는,윤미향,국회,진출,만,저,지하,면,된다는,거,냐,?
문재인,만세,진보,좌빨,만,세,조선,개돼지,들,만세
음모론,은,음흉,하다,.,김어준,최민희,는,민주당,의,애물,단지,들,🦍🦝
뭘,지켜봐,?,지금껏,지켜봤다,.,너,는,그러,고도,그런,말,이,나오니,?,더러,운당,대표,하,더니,정신,이,어떻게,됐나,!!
그,어느,누구,도,30년,삶,이,완전,했다고,할,수,없다면,함,부러,짓거려,서는,안될것,이다,.,결정,적,잘못,이,있다면,처벌,받,아야,하겠,지만,",",부족,한,부분,은,보완,하면,된다,.
책임,질,사람,?,바로,당신,인데,무슨,남일,처럼,말,하지,??
역시,내,로남불,~~~,더럽고,추악,힌다
자기,편이,라고,생각,되면,살인,을,해도,용,서하,는,더러,운,세상,이,됐네,.,빨갱이,나라,와,똑,같이,됐네,.
열린,우리당,시행착오,다시,한번,복기,하라,!!!,두,번,실수,없이
문재인,지지자,들이,만들어,준,여당,에,저,인간,이,대표,로,있는,걸,언제,까지,지켜봐야,하나,.,입,열,때,마다,븐노,가,차,오른,다,.
이해찬,이,대표,되고나서,더,민주,는,맛,탱,이가고,쉰내,푹푹,나,는,구시대,당,이,되었다,...
비겁,한,ㅅ,끼,.,지,들,편이,면,천인,공로,할,짓,을,해도,다,용서,가,되고,변명,하고,감싸고,상대방,친일,.,반,평화,세력,으로,몰고,여론,이,아니,면,금방,꼬리,내리고,아주,가증,스런,것,들
할매,맛있는거,안,준,게,",",시계,안,사준거,.,또,머,?,니,들,이,신처,럼,받,드는,석,렬,이,가,열심,히,수사,하겠단다,.,기다려,봐라,쫌
이해찬,은,옳다,.,이런,얘기,를,한다는,것,은,진실,을,어느,정도,파악,하고,있다는,것,이다,.,연일,기레기,들,이,설치,는,것,을,보니,검찰,이,특별,히,밝힐,것,도,없나,보다,.,조국,때,기레기,들,득달,같이,클릭,장사,했는데,검찰,은,지금,까지,법적,인,책임,을,밝혀,내지,못,하고,애먼,판사,님들,과,싸우고있다,.
통,합당,에서,할머니,들,돌,보고,",",아베,의,사과,와,배상,을,받아,오도,록,추진,합시다,.
해찬,이도,위안부,돈,받았구만
조국,장관,재판,과정,",",유시민,공작,시도,사건,",",최근,한명숙,총리,의,검찰,공작,사건,보,면서,난,극우,적폐,세력,과,검,언,유착,세력,의,민주,진보,진영,인사,죽,이기,에,절대,경솔,하게,움직,이지,않기로,했다,.,왜,한국,기성,언론,대부분,은,뉴스,공장,이나,뉴스타파,같은,규모,작은,언론,보다,못,한,지,",",월급,주는,광고주,비위,맞추는게,우선,인지,묻고싶다
윤석열,청장,이,장모,사건,이나,채널,A,가,검,언,유착,의혹,증거,를,인멸하,는,데도,무책임,한,행동,을,했지요,...
애초,에,이런,일이,없게,만들어야지,실컷,다,해먹,고,폭탄,돌,리기,마냥,책임,지는,사람,한,명,만드는거,...,안지,겹,냐,?,노무현,대통령,님때,이후,로,바뀐게,하나,도,없어,이,놈,들,은,...
어차피,자기,들,하고,싶은,대로,할건데,이제,와,서,비난,한,들,무슨,의미,가,있나,...,선거,는,끝났고,앞,으로,4년,동안,저,들,을,아무,도,막을수,없다,...,버스,떠났는데,이래,봐야,혈압,만,더,오른,다,그,만하,자,...,이제,와,서,누굴탓,하겠나,...,탓,해본,들,아무,것,도,안변,한,다,...,말아먹든,삶아,먹든,알아서,하겠지,...,국민,들이,판,을,만,들어줬잖나,...,허무,할,따름,...
이해찬,은,언제,쯤,어른,이,될까,?,어른,은,책임,질,줄,아는,법,.,그러나,이해찬,은,지금,까지,단,한번,도,그,어떤,책임,도,진,적,이,없지,.,총리,시절,부터,.
더,불어,내,로남,불당,답,다,인증
당대,표,본인,이,책임,지셔야죠
YOU
공천,책임,니,가,져야지,뭔,유체이탈,화법,이야
책임,은,댁,이,져야죠
저,넘은,내란,사건,때,사형,시켜야,했는데,....,아직,도,나라,혼란,만들고있다,..
정,의연,의,헌신,은,충분,히,존중,받,아야,한다,.,30,여,년,활동,에,어찌,오류,가,없겠,는가,.,회계,상의,오류,나,운영,상의,잘못,이,있다면,당,언,히,수정,해,야,한다,.,최근,조중동,의,보도,행태,를,보면,일제,앞잡이,노릇,하던,옛날,과,다를,바,없,어보,인,다,.,어느,나라,언론인,지,모르겠다,.
니,들,인생,이나,똑바로,살아라,매국노,들아
내,로남불,버티기에,불체포특권,발의,1,호,.,일제,윤미향,보호,.
누가,책임,질,사람인,가
당신,은,책임,이,없나,.,남,핑계,대지,말고,.,인간,이,먼저,되라
거지,같은,여야,정치인,들은,끼어들지마라,.,이,새,애,끼들,은,왜,끼어들,어서,시끄럽게,만드,나,.,윤미향,사퇴,하고,해명,해,봐라,진실,여부,는,검찰,수사,로,드러나겠지
잘못,한,건,솔직,히,인정,하고,사죄,하고,벌,을,달,게,받자,.,이해관계,에,따라,두리,뭉실,넘어갈거면,일본,이,우리나라,에,행,하는,작태,와,뭐,가,다른,가,?
책임,은,할배,가,..,뒷,수습,돔,하셔라,막,가,파네,자기,편일,은
이해찬,은,이제,정신,적,으로도,정상,이,아닌,듯,하네,.,쉴드,칠,걸,쉴드,쳐야지,!!!
언제,까지,지켜봐,야하냐,....,참,말,쉽게,한다,....,이제,이틀,후,면,국,개,의원,되서,면책특권,으로,체포,안된다,....,그때,까지,기,다리,라는,거지,....
익,절하,는,유쾌,한,친구,들,ㅎ
할머니,모든,것,걸었으니,윤미향,도,뭐,하나,는,걸어야지,ㆍ
그건,일,반적,인,사람,들,에게,해,당하,는,말,이지,.,나이,고렇,게,먹,고도,세상,을,모르니,답답한,사람,이네,!
헤골,.,핫팅,!.;,인민,투사,.,윤미향,절대로,사퇴,하면,않,된다,.,암,",.",여자,조국,.,철면피,뻔뻔,스러운,민낯,을,오래,오래,.,보고,싶다,!,.,이쁜,",",♡,",.",미,향,이,핫띵,!..,사랑,해,요,!,".,,^^^"
그래,요,니,가,책임,져라,~~,이,나,~~~,쁜,~~~,노마,!!,반드시,너,네,가,폭,망하기를,내,살아있는,동안,기도,해,줄,께,ᆢㆍㆍ,선한,끝,은,없,어도,악한,끝,은,꼭,보리,라,!
꺼져라,위선,자,들
추악,한,위선,자,리해,찬,이,놈,은,얼마나,더러,운,짓거리,를,많이,했으면,낯짝,이,완전,히,마귀,처럼,늙,어가,네,...,에,휴,국민,들,등골,그만,빼먹고,사퇴,해,라,...,퉤이,...
썩을,대로,썩어,부패,한,더,불어,좌빨,당,해체,해,라,...
차라리,가만히,있어라,.,주둥이,들,놀,리지,말고,.,보고,있는,국민,들,열,난,다,.,일본,한테,당하,고,.,자,기나라,정부,한테,.,이런,식,으로,테러,당하,게,하는건,못,할,짓,들,이다,.
뭘,지켜봐,?,하는,일이,뻔할,뻔,잖데,...,쯔즛
이해찬,이,놈,인식,이,정말,잘못,됐다,.,신상털기,로,매,도하,다,니,...,문재인,니,들,진영,서,일어,난,국민,홧병,사건,을,특히,니놈,이,어물,쩍,넘,어가,니까,이,사태,가,커진,것,아니,냐,?,니,들,이,엄히,잣,대,를,들,이대,고,빠르고,명쾌,한,해법,을,내,놓지,못,해놓고,남탓,이나,하다니,...,정말,어리,섞은,놈,일세,.,이해찬,은,주둥이,다,물라,.,가급,적,너,도,극단,적,선택,하길,권한,다,.
부부,연,소득,이,5,천만원,되,는걸,로,신고,하고,집,5,채,현금,으로,사,아버지,매달,백만,원,씩,드려,딸,미국,으로,피아노,유학,보내,...,무슨,재주,면,그렇게,살,아지,는,지,시시비비,좀,따져,봐라,ㅡ
야,는,우리나라,교육,을,조져놓,더,만,",",이,젠,마지막,으로,민주당,폭망,시키놓구,나갈,낀가,?
이런거,한,방,에,갈라치,기,당하,는,구나,.,저,들,이,니,들,을,얼마나,우습게,보는지,알겠,구나,ㅋ
정확,하게,다,밝혀낸,다음,에,하세요,..!!,애매,한,사람,잡지,말고,..!!!!
이해찬,한번,도,책임,안지,더라,민주당,사람,들,사고,칠,때,마다,님,도,파렴치,한,임
이해찬,높이,보진,않았,지만,문제,의,핵심,을,못,보고,는,구나,.,당,을,어렵게,만드는,결정,을,하고,있네,.,나,의,투쟁,의지,를,불,사르,게,하네,.,끝,까지,해보자는,거지,?,국,개,의원,같으니라,구,.
김어준,우상호,이해찬,제대로,된,쉬키,들,이,하나,없냐,징글,하,다,부끄러운줄,알아라,윤미향,이,녀,ㄴ,나쁜,녀,ㄴ
너,도,책임,져,.,지켜,보마,.,주둥이,만,가지,고,하는지,.
너,네,는,왜,끝,까지,안지,켜,봤음,박근혜,최,순,실,사건,ㅋㅋㅋㅋㅋㅋㅋㅋ,남,들,은,빨리,관,둬야,되고,너,네,는,천천히,임기,마칠,때,까지,설렁,설렁,지켜보면,되는,거임,?
180,석,가,지시,니,국민,은,안보,이나,보다,.,이,게,사사,로운,일,이란,다,.,나,참,.
정리,는,빠를,수록,좋은,것,..
본인,들도,어느,정도,아실텐데,....,만약,의혹,이,였다면,직즉,에,해결,됐을것을,이건,소통,없었,어도,눈치,로라,도,알듯,...,그런데,아직,도,신중,한,태도,라,지금,타이밍,은,의혹,사실관계,상관,없이,특별,한,반전,없는,이상,윤미향,님,과,위안부,자체,는,신용,을,잃음,..,차라리,잘못,이,있었다면,빨리,손,절하,고,위안부,문제,라도,지켰어야지,ㅉㅉ
대표,님,윤미향,을,다음,대선,에,출마,시키주세요,윤미향,이,딱입니다,그리,구,다음,에,대표,도,한번,더,하,시구,오래,사세요
침팬치,들,만,모여,있나,..,다,들,왤케,성급해,??,집,에,불,났냐,?
좌파,털,어도,오리발,얼굴,은,철판
질질,끌,면서,악마,년,돕는,해골,.
숨는,놈,이,범인,이다,.,8일,째,잠적,중인,윤미향,을,두고,하는,말,이다,.
해찬,이,아저씨,는,어디,읽,기학,원,좀,다녀오셔요,뭐,듣기,짜증,나,서,TV,돌려요,보고,도,제대로,못,읽으면,대신,똥,누,는,사람,을,쓰시,던지,나름,대표,아,닌,가
늘,똑같지,언론,과,검찰,이,의혹,만으로,사람,하나,쓰레기,만들어놓고,잠,적하,는,거,.,기자,는,사실,을,보도,하고,검찰,은,증거,",",재판,으로,증명,해,야지,맨날,카더라,카더라,그래,놓고,아니,면,말고,.,지금,여론조사,라는,이름,의,여론조작,을,보면,70%,가,윤,당선자,사퇴,를,요구,한,다고,하더라,검찰,들이,의혹,말고,확실,한,증거,를,제시,한,다면,그,모자,란,30%,마저,채울수,있다고,그게,확실,하지,않냐,?,의혹,말고,증거,를,가져와라,그러면,국민,100%,가,윤,당선자,사퇴,를,요구,할테,니깐
그,동안,논란,이,있었던,당선자,들은,잘만,손절,했으,면서,이번,엔,왜,이리,질질,끄,는걸,까,?,우리,가,모르는,손절,못,할,이유,가,또,있는,건가,?,흠,...
마녀사냥,이네,그러니,깜,니,들이,정권,담당,이,불가,한,거지
그동안,노고,에,감,사하,다,고,말씀,드,린다,.,하,지만,그간,의,노력,이,순수,한,것,이,아니,라,본인,의,영,달,을,위,한,사다리,역할,이,었다,거나,활,동기간,중,에,투명,하지,아니,한,일,탈,이,있었다면,용서,할,수가,없는거다,.,양,의,탈,을,쓴,늑대,라고,봐야,하기에,더욱,가중,처벌,함,이,마땅,하리,라,생각,된다,.
싸고돌게,따로,있지,.,똥,인지,된장,인지,맛,을,봐야,아,나,?,니,들,이,끌,고온,똥,치우고,",",할머님,들의,일,은,다시,챙겨라,!
견셕,야,늬책,이다,도적,노무현,사기꾼,섹,야
그간,해,온,일이,할머니,들,앵벌이,시켜서,챙긴거,밖에,없는데,무슨,업적,을,흐,린다,고,들,...,개,가웃,겠다,하루,라도,빨리,내다,버려라
눈,깔,초점,이,흐리,멍텅,해지,니,",",생각,도,흐리,멍텅,해지,지,",",쯧쯧,....,국화,의원,3,선,이상,하게,하면,안된다,...,자리,에,안,주하,게,되니
이해찬,너,는,책임,없는,것,처럼,말,한다,.,총선,선대,위원장,아니,었,냐,?
조국,처럼,할,려고
조국,을,보고,무죄,라고,말,하고,",",윤미향,이를,보고,별,게,아니,라고,말,하는,자는,친,중,좌빨,들,뿐,이다,.,특히,",",윤미향,에게,사법,적,조치,가,필,요하,다,는,70%,의,여론,반대,되는,30%,는,꼴통,왜구,대,깨문,들,이다,.
너,들,이,야당,이라,면,지금,그런,소릴,지껄,이고,있었겠나,?,그래,",",지금,등,따시고,배,부르,니깐,그런,소릴,지껄,이나,본데,",",좀,더,시간,이,흐르면,국민,들이,더듬어,민주당,을,어떻게,평가,하는지,알,게,될,것,이다,.,도덕,",",정의,",",상식,을,넘,어서,는,인간,들의,더러,운,사심,이,결국,민주당,을,침몰,시키고,훗날,대통령,을,영어,의,몸,으로,만드는,도화선,이,될,것,이다,.
그,개,가,바로,너,야,","
맹자,님,은,인간,의,근본,심성,을,사단,이라,하여,측은,지심,시비,지심,수오,지심,사양,지심,이,우리,들,마음,속,에,내재,되어,있어,비로소,우리,가,인간,으로서,인간,다운,삶,을,영위,할,수,있다고,하셨다,그중,우물,에,빠진,어,린아,이의,비유,를,드시며,사단,중,에,불쌍히,여기,는,마음,곧,측은,지심,이,우리,들,심성,의,으뜸,이라,하셨,지만,절대,이,인간,적,인,측은,지심,이,시비,지심,을,희,석,시키는,희,석,제,역할,을,해서,는,안된다,시,와,비는,끝,까지,다,투어,서,정의,를,이,땅,에,구현,해,야,한다,정,의연,의,공,은,공대,로,하,지만,불의,와,불법,이,있었다면,댓,가를,반드시,치뤄야,한다
참,~~,화장실,들어갈,때,랑,나올,때,가,달라,ㅎㅎ,한결,같구만,정치인,들,이란
친일파,들의,극,반일,단체,인,정의,기억,연대,(,정의,연,),을,헤체,하기,위,한,음모,일꺼,같은,생각,이든,다,.!,친일,극우,수구,꼴통,들,의,본토,왜구,들과,벌리는,친일,퍼포먼스,!.....
해골,아,다른,당일,에는,사사건건,콩,놔라,팥,놔라,참견,하,면서,더,불어,기생,당일,은,지켜보,자고,만,하느냐,?,그러니,내,로남불,양,아치,라고,욕먹는거다
최,순,실,도,허,술함,에,걸려,들었다,.
사건,비리,밝혀서,의원직,사퇴,를,하게,해야지,곁,으로,보기,만해,도,당장,사퇴,하는것이,맞지
정보,부,끌려,가서,싸대기,한,대에,자신,의,친구,동지,를,배신,한,놈,이,할,소리,는,아니,다
너무,미적,거리,니,일본,이,물,만난,거,아닙,니까,?,양,정숙,처럼만,했,어도,빌,미를,안,줬을,텐데요,.,조국,그렇게,옹호,하,다가,조국,어떻게,됐,습,니까,?,좃,되지,않았,습,니까,?,윤미향,도,마찬가지,라는,생각,이,듭니,다,.,국민,을,이기,려,들지,마세요,.,당신,의,고집,과,불통,이,오히려,그,들,에게,더,큰,화가,될,수도,있,음,도,명,심하,시기,바랍니다,.
뭘,?,시시비비,누가,?,위안부,돈,을,쳐,먹,엇,는,지는,지나,가,는,개,.,고양이,도,다,알,고,짐승,만도,못,한,이리,들도,알,고,악마,들,도안,다,.,뭘,?,시시비비,안다는거냐,?,넌,귀,도,없고,눈,깔도,없냐,?,장부,도,엉망,회계,도,안,돼,뭘,?,여기저기,돈,이,막,들어와,흥청망청,영수증,도,없고,오죽,하면,회계,조차도,못,해,뭐,가,잇어,야하지,위안부,할머님,들,앞세워,앵벌이,한,거,는,너희,들만,모르냐,?,180,좋,아하,지,마,너희,들,그렇게,좌고,우,면,하,면,18,로,훅,간다
당대,표,본인,도,책임,이,있지,않나요,?
잘못,이,있으면,고치,고가,아니,라,잘못,이,있으면,죄값,치러야지,.,입은,삐뚤어졌,어도,말,은,똑바로,해,라,.
똥,치울,생각,없네,..,..,치우는것도,국민,들이,해야되,냥,..,진정,너희,가,말,한,이,게,촛불,정신,이구나,...,노무현,정신,.,김대중,정신,이구나,..,감,사하,다,..,뼈,져,리,게,느낀다,..,부정부패,집단,이구나,..
한,걸레,..,해골,바가지,.,국민,들,누구,도,정의,연,탓,하지,않아요,.,사유화,하려한,윤미향,을,벌,하자,는,거지
아,진짜,저,영감,님,답,없어,티비,고,사진,이고,올,리지,마셔
더,이상,무슨,시시비비,를,더,가리냐,명확,하게,진실,이,가려졌는데
책임,을,지는,게,아녀요,잘못,에,되한,값,을,받으,라는,거,죠
이럴,때,만,시시비비,가리냐,?,반대,였어,봐,~-!!!,아주,물,고,늘어,지고,시민단체,나,오고,...,장난,아니,였을거,면서,...,진짜,추잡,하다
너,부터,책임,지는,꼬,라지,를,보여라,~~
이용수,할머니,가,곽상도,등,미,통,당,사람,들과,얽혀있는건,사실,인,듯,합니다,.,92,세,노인,이,대단하다,.,일본,아베,정부,의,몰지각,한,역,사적,인,부분,을,부각,시키고,친일,행각,일삼,는,극우,보수,를,채찍,했으면,얼마나,좋을을까,아쉬움,이,남습니다,.
차분히,합리,적,으로,진행,합시다
일,없는,틀니,들,엄청,몰려왔네,..,니,들,이,좋,아하,는,윤,짜장,판단,에,맡기겠다는데,웬,.,ㅈ,.,ㄹ,?
너,가,가장,큰,책임,져,야한다
니,가책,임져야지,공천,했으니
해골,빠,가지,저건,죽지,도,않냐,?,벽,제,솨,장,장가,서,흔적,없이,태워버,리자,",",민주당,은,선전,선동,을,아직,도하,냐,?,180,석,을,불법,으로,차,지하,면,그냥,처,박혀서,비,리나,처지,르,지,기어,나,와서,헛소리,하냐,",",130억,은,일본,에,돌려주고,사과,만,받아라,",",문제,인,이,가,할머니,들,눈물,닦아,준다며,지랄,오히려,눈,을,뽑,는단,다,",",이,젠,세월호,와,광주,폭동,사건,뿐,이네,",",하나,가줄,었,구나,","
김해영,이,는,3일,만있으면,암,것,도,아닐진데,김해영,이,가,여권,일각,이라,??,이제,3일,만있으면,국민,이선,택,한,180,석,이민,의인,데,김해영,이,가,여권,일각,이라,??,누구,맘데,로,일각,??,해영,인,인자,암,것,도,아니,다,.
털,어서,부실,회계,등,발각,되면,그것,은,당,연,책임,져야겠,지만,ㆍㆍ,할머니,를,아바타,만든,곽쌍,도의,쌍,스런,짓,까발려져야지,ㆍㆍ,할머니,;;,너,도,내,나이,되,봐라,글,이,써,지나,?,ㄷ,ㄷ,ㄷ,왜구,새끼,들,잘,나가,는,문정,부,흠집,내기,에,나섰네요
이해,골,너,는,이제,잠수,해,라,.,보기,실타,.,윤씨,년,공천,한,놈,제,값,을,받아라,.
이런,사안,도,우파,의,악용,이라고,치,부하,는,족속,들이,정말,싫다,니,들,은,우파,좌파,로,밖에,안나,누,니,세상,이,좌우,밖에,없니,?,정말,역겹다,이,것,도,직업,이라고,정말,대단,하다,혹시,정권,수복,할,려고,너,도,정,의연,에,입김,넣은,적,이,있니,그,래서,이렇게,전,국민,을,좌우,로,나누고,있나,?,동네,총무,도,이정,도면,얼굴,들고,못,다닌다,이사,가야,지,콩,구,물,적당,히,먹는다고,인정,하,지만,정도,를,넘었잖아,이제,살날,얼마,안남,은,노인,들,그만,괴롭혀라
시시비비,가릴,때,쯤,불,특권,특권,을,주,려고,.?,OOO
민쥬당,은,700~800,명,이,헙,업,해서,30년,간,횡령,",",중국인,정신대,까지,동원,거짓,선동,쑈,하고,북송,까지,했다는데,ᆢ,해골,쓰레기,ᆢ,관,상보,니,똭,일본,순사,똘마뉘
당신,이,착,임져야지,.,발,뺄,려고,.,항상,그랬,듯이,.,착임,지지,안,을,려면,주둥이,닫어라,.,해처,먹은,비리,를,말,하는데,당,신들,만,잔,머리,만,굴리,는,한심한,대표,그것,이,민주당,이냐
어찌,결단,을,모르냐,?,해찬,씨,는,정치,그,만하,시,고,젊은,사람,을,위해,쉬,시기,바랍니다,윤씨,는,사약,을,받고,....
민주당,압,승하,더니,오만,방자,해서,지지,철회,하기,전,에,결단,내,리세,요,참는데도,한계,가,있,어요
진짜,한,몸,인,가부,다,~~,고구마줄기,처럼,엉,켜있,구나
우,파의,악용,....,저렇게,밖에,생각,못,하는,인간,들이,정치,를,하니,.,ㅈ,..,모든,걸,따나서,옳고,그름,은,얘기,해,야지,...,신발,아,..
책임,질,사람,은,책임,을,져,야하는,것,은,말,이,필요,없이,당,연한,것,이고,판단,은,빠르면,빠를,수록,좋다는,것,입니다,!,사과,도,때,를,놓,치면,약,발,이,먹히지,않습니다,!
한,걸레,야,해골,이,사사,로운,일,이라고,한,말,은,왜,빼냐,다른,신문,은,다,그렇게,나와있는데,니,들,만,쏙,빼놨,구나,걸레,답,게
민주당,뭐,하는거,예요,?,아직,도,시시비비,안,가렸,어요,?,이쯤,되면,지도,부,총사,퇴,가야,하는거,아닌,가요,?
이해찬,은,윤미향,을,공천,한,책임,을,지고,물러,나라
황금비,기,자년,아,지금,이해찬,을,의,도적,으로,감싸주는,거,냐,?,참,한겨레,클라스,어디,안,가네
해골,아,치매,걸려냐,오죽,하면,할머니,가,억울,해서,눈물,흘리며,울부짖냐,.,할머니,를,이용,해서,빨대,를,꼽,고,사냐,.,할머니,들,한테,넉넉하게,지원,해주,지,도,않고,다른,용도,로,쓰고,집도,사고,딸,유학,보내고,저,들,만의,잔치,를,벌였는데,",",해골,아,재인,이랑,가서,할머니,한테,용서,를,빌어,라,.,감싸,다가,사기꾼,조국,꼴나서,너,도,끝장,이다,.,너,도,말년,에,싫,껏,욕,얻어,먹고,집,구석,에서,손자,나,돌봐라,.,그게,니,희망,같네,.
아직,도야,시시비비,야,남,들,잘못,하면,늑대,같이,달려들어,헤집고,다니,면서,잘,들하세요,177,석,지키,려면
극우,보수,미,통,당,토착,왜구,들이,물,만난,고기,처럼,날뛰고,지랄,이다,.
겉,과,속,다른,더듬어,민주당,....,민주,",",공정,코스프레,집단,더듬어,민주당,...,내,로남불,더듬어,민주당,...,니,들,을,뭘,??,지켜보냐,",????",해차,나,......,30년,어쩌구,..,그,동안,활동,어쩌구,...,물,타기,하려구,????,쓰레기,들아,!!!
아,나,참,이사,람,들,아,자꾸,본질,을,흐,리지,좀,마라,본질,은,윤미향,이의,개인,비리,의혹,아니,냐,그걸,모르는거냐,모르는,척,하는거냐,?
언제,까지,지켜,보나,요,?,이,젠,김어준,까지,나,서서,할머니,배후,까지,들,먹이,는,판,에,..,그렇게,진영,논,로만,풀겠다는거네요,.
윤,당사자,가,자꾸,숨고,할머니,들,힘들게,하니,까,이렇게,되는거,아니,냐,!
좌파,들은,한결,같이,부끄러움,을,모르는,것,들임,!
반,대하,면,우파,고,악의,적,폄,회,라,고생,각하,니,어이,없다,.,진보라,는,꺼,내지,마라,.,민주,팔이,보수당,으로,이름,바꿔라,.,미,통,당,은,원래,아니,고,민주당,은,갈수록,절망,이고,이제,기댈데가,없다
뻔뻔뻔뻔뻔뻔뻔뻔뻔뻔뻔뻔뻔뻔뻔뻔뻔뻔뻔뻔뻔뻔뻔뻔
해골,을,부숴,불라,늙은,개,짖어,대네
그,머리,에서,그,정도,의,판단력,이,한계,인가,좀더,신속,하게,당,에서,선명,하게,투명,하게,하라,고,주문,했어야,하는거아냐,이제,와,서,뭐,가,어쩌,고,저쩌,고,의미,없다,해골,아
이해찬,윤미향,이,것,들,은,얼굴,이,비슷하게,생겨,가지,고,보수,애,들,떠드는,소리,하고,있내,ㅋㅋ,제,들,2,명,티비,에서,그만,보자,미해,찬,빨리,물러,나라,윤미향,은,감방,으로,빨리,잡아,너,라,검찰,부지런,히,움직,여야,된다,ㅋㅋ,진보,에,보수,애,들,처럼,말,하는,사람,들이,너무,많아졌어,꼭,김문수,전광훈,황교안,태극기,부대,아줌마,들,같은,소리,ㅋㅋ,전광훈,이,김문수,는,죽었나,ㅋㅋ
해명,이,아니,라,변명,을,기,다리,시,겠지요,?
문,은,조국,이,에게,마음,의,빚,이,있다,했는데,이해찬,이,는,윤미향,에게,무슨,빚,이,있는거아냐,?,감싸고,도,는,게,비슷하네,....
관계,당국,이,관계,되니,문제,다,.
대한민국,불쌍하다,이해찬,따위,가,이러니,저러니,.
진보라,생,각하,면,우파,랑,다르다고,생각,한,다면,똑같이,행,동하,면,안되지,~,잘못,된건,잘못,된거,야,!,감싸고있어,!,니,네,쪽,으로,안,흘러,가면,다,가짜,뉴스,고,악의,적폄훼,냐,!,창원,이형,이,진절머리,나서,불출,마,선언,한,거,다,.
야,야,나,참,기,가막,힌다,윤미향,이,가,연수,입,오천,만,예상,되는데,집,5,채,를,쉴,새,없이,현금,으로,사고,요,번,공직자,선거후,보,재산,등록,에,3억,2,천만,예금,을,신고,했다는데,언제,부터,그뇬,이,부동산,갑부,냐,말,이,안나,오네,재판,부가,확정,될,때,까지,기,다리,냐,해골,아
히,시피,피,가,아니,고,윤미향,이,가,기부,금,삥땅,쳤네,!,해찬,아,침해,시초,로,국민,입장,에서,안보,이,냐,?,국민,혈세,연금,나가,기전,에,파면,하고,구속,수사,해,라
미친,노견,이해찬
시시비비,?,어이,없네,..,민좃당,망조,다
반일,운동,확산,으로,민주당,의,지지,에,큰,도움,을,정,의연,을,상황,이,바뀌었다고,손,절하,면,인간,적,도리,가,아니,다
야,이영,감,탱,이야,시시비비,가,말,이,되냐,?,이,상황,이,?
옹호,하고,버티며,대,깨문,들,쉴드,질,로,잠잠,해지,면,넘,어가,고,",",정,안되면,윤미향,만,책임,지면,된다,이건,데,...,쉴드,질,하던,놈,들,도,책임,지는,거,다,.
시간,끌,어서,이슈,를,덮고,뒤,집기,할,기회,를,엿보겠지,.
개,ㅅ,ㅣ,키,30년,간,삥,뜯어,온,파렴치,를,옹호,하냐,카악,~~~,퇴,퇴퇴
이해찬,은,윤,미,향,공천,에,책임,을,지고,사퇴,하라
天,滅,赤,共,!
끊,이질,않는,토착,왜구,당,의,기획,함정,에,빠,지지,않,토록,조심,들하세요,.,할머니,는,친일,세력,의,충,동,질,에,흔들,리지,마시고,",",그,들,의,마수,에서,빠저,나,오시,길,.
이해찬,죽,기전,에,착하게,좀,사는게,님,을,위해,서도,이,세상,은,잠시,머무는,거지,만,영원,한,저,세상,에,상지,옥,가는게,뭐,가,좋을까,앞,으로,언행,좀,착하게,하슈,불쌍한,위안부,할머니,가,댁,보다,만배,천배,는,훌륭해,보입,디다
그래도,통,합당,처럼,계속,사과,하는것,보다는,낫다,통합,당,같으면,사과,하고,인정,하고,울,쌍,이,됬을,텐데
그런,논리,면,당신,도,털면,무쟈,게,나온다는,소리,네
이해찬,'=,윤미향,천하,공적,개탄,스럽다,삥발,이,파렴치,한,을,옹호,하는,짓거리,가분,통,이,터진다
윤미향,",",이해찬,",",최민희,3,사람,은,운명,공동체,인가,???
닥,근혜,7,시간,은,....,니,들,이,그런,말,할,자격,은,없는듯,한데,..
이,사태,의,책임,질,사람,은,이해찬,바로,너
구실,을,만든게,잘못,이지,거기,가,깨끗해야하는,자리,인데,그렇게,해먹,었잖,아
기,다리,다가,면책특권,이,생기,면,요,?,괜찮,아지,는,건가,요,?,경주,의,아줌마,를,위,한,팀,은,정말,빨,리도,꾸려,지는,데,왜,윤미향,조사,팀,은,안,꾸려,지나,요,?
잘못,한,것,알았으면,빨리,바로,잡,아야,지,요,기,~~,이,~~~,다,~~~,려,~~~,보,~~~,자,~~~,구,~~~,요
음모론,으로,또,프레임,을,바꾸는,OOO,이,사태,는,친일,도,아니,고,꼴통,보수,들의,발악,도,아니,다,.,이용수,할어니는,정,의연,의,그간,의,활동,을,조금,도,폄,하하,지,않았다,.,간단,히,해명,하고,소명,해,야할,일,을,온갖,개,소리,시,전하,는,.,좀비,색,히,들과,그,년,면상,도,보기,싫다
이해찬,대표,의,말,이,가장,타당,한,것,으로,판단,된다,.,나,대지,들,말고,기다려라,.,그리,고,이번,기회,에,정신대,와,위안부,에,대해,공부,들,좀,해,라,.,평생,관심,도,없던,것,들,이,돌,팔메,질,에만,눈,이,벌개져서,.
해찬,..,빌어,먹을,자석,아,..,왜,잣,대가,니,꼴리는,대로,야,..,잘,했다,..,니,들,이,미,통,당,욕,을,해,?,저런,머,저리,안고,가는,만주,당,아,..,잘,했다,..,철수,가,챙,피당,해도,막,가,파,인게,왜,그,런가,했는,데니,들,만주,당,도,도,찐,개,찐,이다,..,어휴,이런,상,dung,쉰,들,을,그냥,확,마,...
민주당,에,기대,어,사리사,욕,챙기며,국민,들,호응,도,높,아가,고,있는,가을,데,파렴치,한,짖,거리,한,윤,당선자,끌어,안으면,지탄,받는다,사퇴,시키고,집,에,보내라
쪽바리,시,끼들,이,물,고,늘어,지네,.,싹,다,방사,능밭,으로,보내버,리자
시시비비,를,정확,하게,가려,야,국민,들,분노,를,잠재,울수,있습니다,.,잘못,된건,잘못,을,작,아야,하고,앞,으로,대책,방안,도,나와야,합니다,.,이런,일이,없,도록,하는게,더,중요,합니다
가짜,들,...,김경수,",",이재명,",",오거돈,",",유광,재,",",이미향,",",안희정,그리,고,같은,패거리,들,...
연륜,과,내공,은,이럴,때,나오는듯,.,지지,합니다,.
무슨,시시비비,ᆢᆢ,척,보면,모르겠냐,ᆢᆢ,기,다리,다가,윤매향,이,뺏지,달,면,국고,손실,을,책임,질거냐
너,라고,미친,할배,야
우파,쪽발이,토착,왜구,들이,한때,는,위안부,할머니,들,폄,하하,고,지,롤,들,하드,니,지,들이,언제,부터,할머니,들을,위,한다고,거짓,선동,질,이야
영감,탱,이야,~~,5,월말,까지,기,다리,냐,?^^~~~
기,냥,",",덮고,가자는,세력,이,배후,에,있는것,같여,",",언제,지,덜,이,관심,이나,가,졌게,",",고양이,뉴스,보,니까,극우,와,결탁,한,거,같은디
넘,오래,지켜,보는거,이냐,?,척,하연,삼척,이요,",",장,하면,된,장이지,.~,ㅎ,^,^
그만,그,자리,에서,내려오세요,...,자격,없으십니다,!!!
그렇게,공과,를,구분,해,야한다는,놈,이,보수,대통령,들은,뭉뚱그려,친일,이니,뭐,니,하며,몰아,세우냐,?.
윤미향,은,알아서,물러,나라,민주당,이,자신,의,도,피처,인가,민주,지지자,들이,그렇게,우습나,당장,사퇴,하라,뻔,뻔함이,부끄러움,도,모른다,왜,정부,에,부담,을,주,나,스스로,물러나면,될,걸,권력,에,눈,이,멀,엇,구나,자신,관리,도,못,하,면서,정치,에,굿거렷,나,대통령,지지율,에,기대,당선,만,되면,그만,이고,다,덮어질,줄,알앗나,너,때문,에,극우,들거과,일본,이,신,낫다,윤미향,민주당,뒤,에,숨지,말고,당장,사퇴,하라
시시비비,같은,소리,하구있네,...,내,편,",",니,편,아니,었,냐,?,ㅋ,국민,을,진짜,개돼지,로,아,나,.,정치,판,부터,개혁,해,라,.,노망,난,소리,지껄,이면,바로,정치,판,에서,퇴,출시,키,는걸,로,...,역사,를,보건,데,권력,이든,재물,이든,과욕,부리,는,것,들,은,전부,끝,이,안좋,던데,.,그만,들,하고,내려오는게,좋을텐데,...,ㅉㅉㅉ
국회의원,되,기전,에,징벌,해,라,한,푼,의,세비,도,아깝다
#,민주당,아웃
그,책임,질,사람,이,당신,이해찬,이라고,!,당대,표뜻,을,몰라,?,진짜,노망,난,거야,뭐,야
당,대표,도,책임,지고,물러,나야,.
옛말,에,척,보면,안다는,말이있지,?!,사실,에,입,각하,여,진실,을,밝혀야,한다,?!,당,연한,말,쑴,이고,!,49억,인가,모금,하구,9억,인간,만,위안부,관련,지출,햤다,던데,?!,40억,은,어,대로,갔는,감,?!,기부,금도,일부,는,윤씨,계좌,로,받았다며,?!,구,란,냄새,가,펄펄,나는데,!?,하루,빨리,살실에,준,해서,낯낱,히,파,해쳐,사비,를,가려,!,혹,여,사적,인,차폭,이,았으,면,엄단,하라,?!,우물,적,넘,어가,지,말고,?!
법적,으로,따,지면,별것,없이,나올,지도,모르겟지,그러나,이미,나온,걸,보면,국민,정서,상,문제,가,있는게,충분,히,밝혀,졋,는데,적당,히,넘,어가,게,시간,을,벌어,주자,니,어느,적,수법,을,쓰고있냐,?
이해찬,이,ㅡ,이,자가,가장,악질,적,분자,이다,ㅡ,종북,좌익,수괴,라고,본다,ㅡ,글,고,자질,도,없이,교육부,장관,을,맡아서,ㅡ,대한민국,교육,도,망치,게,한,자
하나,를,보면,열,을,안다,...,구차,한,변명,듣기,싫다,숨기,는,구석,도,많,고다,토,해내고,처벌,받고,나머지,생,은,정,직하,게,사,쇼
지금,의,검찰,언론,믿음,이,안,간다,더욱,경북,대구,7년,수십,년,국가,와,민족,에,피해,를,주었다고,생각,한,다,지켜보자,여론몰이,하지,말고,한명숙,조국,최강,욱,사기,기소,편파,수사,조작,범죄,못돤것,이,판,을,친다
저런,쓰,렉,들,을,빠는,좌좀,들이,있다는게,신기하,다,.,성추행,이난,넘,들은,전부,젖,가락,벌렷당,",",아닥하,는,여성,단체,",",친일,프레임,도,알,고,보니,좌좀,들이,많아,잠잠,해짐,.,위안부,",",어린,여학생,들을,내세,워,반일,선동,질도,순전,히,정치,적,이용,.,할머니,도,위안부,를,일본,혐오,에,이용,하지,말고,한일,학생,들,교류,하며,알리,라,부탁,했는데
반민,족적,친일파,적,사고방식,의,이해찬,의,말,이,할머님,을,오열,하시게,하는,구나,.
어리숙한,개돼지,들,선동,해,정치,적,으로,이용,해먹,은,넘,들,많지,.,오일팔,",",세월호,",",위안부,",",민,식이,..
엉,.,선거,가,끝났지,.,이제,한참,남았고,그때,되면,다,잊겠지,.,ㅋ
그건,너,!!,바로,너,!!
웃긴게,민주당,발,로,터,지면,북한,에선,조,용해,미,통,당,이,같은,건,으로,터졌으면,연일,조롱,할텐데,ㅎㅎㅎ,든든하시겠어
민주당,외,그래,.....,실수,?,잘못,?,이,게,그걸,로,해결,될,문제,인가,?.,....,할머니,앵벌이,시킨거다
이해찬,당신,은,국민,다수,의,정서,를,헤,아릴,줄,도,그럴,마음,도,없습니다,.,그게,당신,의,가장,큰,단점,입니다,.
얀마,!,책임,이,뭐,냐,?,공개처형,식,을,해야지,~!!!
통,합당,아,!!,성공,하,려면,실력,으로,승,부하라,~~,허구,언,날,남,뒷,조사,나,해서,확실,하지,않은,정보,터뜨려서,잠시,이목,만,잡지,말고,~~,알았냐,?,곽쌍,도,!!!
시시비비,후,진퇴,판단,은,너무나,자명,한,상식,입니다,증거,없이,인신공격,.,신상털기,는,저,꼴통,들,의,주특,기입,니,다
이,영감,은,할매,팔,아,돈,해쳐,먹,어도,지,편이,면,두고,보자,민주당,이,망하면,이,영감,때문,이다
니,가,책임,지고,사퇴,해,^^
어준이,가,그렇게,말,하라,고,원고,써줬니,?
조국,때,부터,범죄,감싸기,참말,로,징,하네요
책임,은,!!!,민좃당,이,지면,된다,.,개,나발,그만,불,고,~~~
보수,쪽,의,단체,였으면,촟불,을,들었,거나,국조,들어,갔을,겁니다,..,이,래서,현,정권,은,정의,롭,지,못,하다고,하는,겁니다,.,늘,편,을,나누고,기준,이,다르고,..
니,들,이,찍은,애,들,의,답변,이다,ㅋ
이해,골,사기꾼,을,어떻게,믿어,.,5.18,광주,폭동,에,있,지도,않은,놈,이,보상금,과,연금,받아,쳐,먹는,놈,말,을,읻으,라고,?,이,해골,사기꾼,아,.
정치,모르는,사람,도,화나는데,이,놈,의,정부,는,왜,잘못,하면,감싸,주기,만하,는,지,?.,.,문재인,씨,도,말좀,해봐요,할머니,더,스트레스,받아서,쓰러지,기전,에
수꼴,은,네이버,에만,있는듯
이,나라,에서,기부,나,후원,을,불법,으로,법,제화,해,야한다,.,이런,식이,라면,기부,나,후원,이,뇌물,과,뭐,가,다른,가,?
뭘,길게,말,해,꼬리,자르겠습니다,한마디,면,되지,ㅇㅇ
해골,찬,등,시나,!,잘못,한,.,년,벌주면,될,일인,데,",",여기,서,우파,이야기,가,왜,나,오냐,!,윤미향,이,건의,책임,질,자는,이해찬,이,니,가,첫,번째,다,.,이,등시,는,자신,이,책임,을,먼저,져야,할,일인,데,전부,국민,탓,으로,미루네,.,이,자의,의식,이,더민,당,이다,..,개,들,!
민주당,왜,이리,옹호,하나요,얼릉,자진,사퇴,하세요
이해찬,이,국회,출석,꼴찌,라는,데,..
권력,을,잡고,보니,정신,이,흐려졌군,ᆢ,대단한,고집,이네,ᆢ,무조건,감싸고,보자는,소리,네,ᆢ
이런,아무,리,자기,사람,지키,기여,도,기,본적,인,인상,식이,있는데,이사,람,들,상식,이하,네,.,어찌,하나,같이,이런,분,들,이,국회의원,일까,한심하네,!
일단,큰소리,우기,기,먼저,해,보고,안되면,말,바꾸지,말고,먼저,사항,파악,후,기,본적,인륜,민심,역주행,하지,말길,민심,은,가장,기본,적,인륜,도덕,과,별반,다르지,않다
인간,말종,집단,...,더,불어,도둑,당
그래,색캬,니,가,책임,지라,고,!!!!!,다,너,때문,이,잖아,.,민주당,개판,치고,물,흐리고,꿘충들,한테,다,넘겨주고,...
이럴,때,쥐,죽은,듯이,지켜,봐,달라,윤미향,이,는,어디,갔냐,?
아니,라고,해명,하면,믿을거냐,안,믿을거,아니,냐,그런데,무슨,해명,검찰,이,수사,하고,재판,넘,기면,대법원,판결,나올,때,까지,기다려야지,다른,국회의원,들도,대법,판결,나올,때,까지,국회의원,했,자,나
이해찬,님,!,그,들,의,잘못,이,뭔,지,모르죠,?
윤,가년,빼면,가장,큰,책임,을,져야,하는게,해골,대가리,너,야,.,어디,서,유체이탈,화법,으로,개,소리,를,짖는,건지,....,ㅉㅉ
옳지,않아,.
빙산,의,일각,이다,시민단체,모조리,조사,해,라,국민,혈세,뜯어,먹는,거머리,들,정권,꼭두각시,시민단체,부터,조사,하
왜,이리,질질,끌,지,?,사실관계,가,명백,한,범죄자,인데,.
지,들은,신상털기,안,했나,주거,집앞,에서,강재,로,문,열,려고,까지,했으,면서,퉷,!,그런데,더,불어,민주,꼴통,당,은,친일파,후손,은,물론,이고,국가,국민,배신,한,세력,완전,짬뽕,수구,세력,이구만
윤미향,니,가,공천,했는데,치매,냐,??,까먹은,겨,??
이해찬,할배,지금,상황,판단,이,안되세요,.,똥,인지,물,인지,구분,안되세요,.,정신,좀차,리세,요,나이,드니,판단,도,흐려,지나,.,답답하네요,.
유체이탈,화법,그네,이후,로,오랜만,에,보네,ㅉ
같은,도덕성,이라,말,못,하는,여당,과,청와대,.
죽창,들고,죽창,가,부르며,~~,졸라,이용,해먹,고,~~~,정치자금,받고,~,국,개,의원,뺏지,팔,아,처,먹고,~~~,꼬리,자르기,ㅋㅋㅋ
도덕,적,우위,를,잃는,순간,폭,망한다,.,사실,관계,물론,중,요하,다,.,그러나,지금,국민,들이,분노,하는,게,현실,이다,.,왜,면,하지,말라,.
(...,정의,기억,연대,(,정의,연,),이사장,을,지낸,윤미향,더,불어,민주당,비례대표,당선인,이,8년,전,위안부,문제,해결,을,위해,국회,에,진출,하려던,이용수,할머니,를,만류,했던,것,으로,드러났다,.,윤,당선인,이,출마,를,결심,한,이,할머니,에게,',위안부,문제,해결,은,국회,에,가지,않아도,할수,있는,일,',이라고,설득,하는,녹음,파일,을,통해,서,다,.,윤,당선인,은,8년,뒤,위안부,문제,해결,을,위해,국회,에,진출,했다,.,노컷뉴스,가,입수,해,27일,전,한,윤,당선인,과,이,할머니,의,과거,통화,녹취록,에는,윤,당선인,이,2012년,3월,8일,이,할머니,와,통화,하며,만류,하는,...),낄낄,낄낄,~~~~
선거,전,후,태도,가,존나,다르네,오거돈,",",윤미향,",",똥꼬,충,언플,잘,하네,~
이,젠,당,에,서도,정치,적,거리,두기,하네,.,이용,할,땐,언제,고,.,내,치,더라도,윤,의원,은,혼로,서기,로,버텨라,.,그게,정의,를,지키는,거,다
법원,의,판결,을,지켜봐,야할,사항,과,그렇지,않은,사항,이,따로,있습니다,.,시인,한,것,만해,도,부끄러운줄,알,면,내려와야죠,!
조국,때,도,저러지,않았나,?,결국,에는,정경,림,구속,되고,...,조국,은,지금,재판,받고,...
쎈것이,터져도,시큰둥,.,이,젠,타성,이고,맷집,이,불어,서,토막,살인,을,해도,그,런가,넘,어가,는,세상,이,되었다,.,누구,때문,에,?,아주,저,질,스럽고,추악,하고,악마,같은,좌빨,종북,쓰레기,들의,완장,질,과,갑질,때문,에,.
맞는,말씀
깔끔하네,.
너,너,너
6.25,까지,과거,사,들추는,것,들,이,할,소린,아니,다
반일,감정,이용,해,먹고,그것,도,모자라,더,부채질,하고,돈,횡령,한,세력,과,사람,들,은,감옥,에,보내고,책임,질,사람,당연히,책임,져야지,.
반증,이라는,단어,가,있죠,회계,공개,도,못,하고,시시비비,를,못,따,지는,게,반증,이,죠
당,연한,말씀,!,늘,좌빨,선동,정치,한다던,미,통,ㆍ,조선,ㆍ,그,극렬,지지,층,들,의,윤미향,건,잡은,선동,획책,에,실소,를,넘어,분노,가,입니다,~,우리,민주,ㆍ,진보,를,지,지하,는,이,들,은,윤미향,개인,의,잘못,이나,비위,가,있음,결코,ㆍ,절대,용납,않을,것,이고,덮어,주지,도,않을,겁니다,ㅡ,이미,조국,을,잡은,그,윤검,의,칼끝,이,움직,이고,있으니,법적,문제,는,지켜봄,되겠지요,.,다만,곧,의원,신분,될,윤미향,개인,의,올바른,선택,있기를,바라,고요,",",별개,로,단체,의,지난,공과,앞,으로의,발전,을,훼방,놓는,어떤,시도,도,용납,친,않을,겁니다,~,한번,도,위안부,문제,위해,노력,않던,',것,',들의,발,호가,웃길,뿐,!
회계,부분,은,재판,까지,갈것도,없다,.,제일,핵심,이,윤미향,이,지,원금,이나,모금,한,걸,착복,했냐,이고,그건,금방,결정,난,다,.,윤미향,이,착복,한,것,도,없는데,뒷,조사,까지,해보겠다는건,문제,다,.,돈,의,흐름,이,있을테니,그,부분,은,오래,걸,리지,않을듯,하다,.,그저,의혹,만으로,사퇴,하라,고,말,하는것,들,털,어서,의혹,보도,하면,사퇴,할거냐,?,뭔가,확실,한,게,있어야지,그간,정의,연,활동,방식,에서,이용수,할머니,랑,윤미향,의,생각,이,다르고,그러,면서,갈등,이생,긴게,오랫동안,누적,된게,터진듯,하다,.,거기,에,목적,을,가진,언론,과,세력,들이,살,을,붙이,고,확대,재생산
물,타기,!,버티기,!,안될꺼,같지,?,ㅎㅎ,내,가,보기,엔,아마,도,D,ㅡ,100일,쯤될꺼같다,.
맞는,말,이다,.,지금,가장,맞장구,치고,좋,아하,는,집단,은,일본,과,국내,친일,세력,들,이다,.,위안부,문제,를,역사,의,이면,밖,으로,조명하,고,국제,인권,운동,으로,만든,30년,의,대한민국,시민운동,과,민주,진보,세력,을,하루아침,에,부패,집단,으로,만들고,있다,.,사실관계,파악,이,먼저,다,.,언론,의,몰,아가,기,식,오,보가,지,나치,다,.
물론,그,래야,겠,지만,...,다만,이,거,는,생각,해,봐라,..,당,신들,이,당신,들,의견,과,다르면,친일,이니,적폐,라고,규정,하,면서,들들,볶는,것,은,생각,안해,봤니,?
사케,찬,이,새끼,야,너,는,할머니,께서,하시는,말씀,이,악의,적,폄훼,로,들리냐,?,완전,도라,이구,만,?
자기,편,아니,면,적,으로,모,는,싸구려,선동,만,할,줄,알,지,니,가,뭘,할,줄,암,?
이해찬,..,악마,를,보았다,.,윤미향,을,즉각,구속,시켜라,.
그냥,간첩,들,.
꽉,다,물어,!,꽉쌍또,자민련,!
부정선거
해찬,아,할머니,들을,지켜야지,윤미향,이를,보호,하란,말,이냐,?,국민,이,저,보고,30년,일,하랬,나,?,돈,관리,도,못,하는,것,이,무슨,대표,냐,?,사기꾼,수준,이지,.,아니,그,보다,더하다,국민,등,쳐,먹었으,니까
정신,이,먼저,죽네,...,상황,판단,도,않되,고,....,이일,을,어,쩐다,.,죽어야지,.....,지금,죽,어도,호상,이다,.
이런,작자,가,여당,대표,라고,앉아,있으니,...,하긴,한쪽,뇌,가,없는,놈,들,이,모여,있는,패거리,들,이라,뭐라,할말이,없네,..
지켜,보다,너,죽는다,ㅎㅎ
