사퇴,반대,!,미,통,에는,범죄자,들이,버젓이,웃으며,돌아다니는데,범죄,사실,이,드러나,지도,않은,혐의,만,갖,고도,친일,매국,언론,거대,종편,들이,떼거,질,로,달려들어,물,고,뜯고,하는데,이,게,얼마나,비정상,적,인가,혐의,점,에,대해,소명,할,필요,도,없고,사퇴,할,필요,도,없다,에너지,낭비,하지,말고,21,대,국회,개원,하면,하실,일,하시고,모든,것,은,검찰,로,넘어갔으니,그때,재판,에서,소명,하시면,될듯,하다,정,의연,을,없애려는,시도,에,말려,들지,마시고,끝,까지,힘,내시,라
미친,🐦,ㄲ,ㅣ,ᆢ,상식,적,으로,윤미향,의,행태,가,이해,가,되고,감싸,지는,거,냐,?
저,파충류,주,댕,이를,미싱,으로,박아,야
오,.,역대,급,발언,이네,.,결국,치,매가,온건,가,?
아,참,......,이,무슨,🐕,소리,인가,......,ㅉㅉ,ㅉ,쯔,🐕,......,....,광주,사태,국가,유공,자,여당,대표,...,....,.....,구린내나는,소리,🐕,돼지,🐖,ㅅㅋ,...
내,로남불,진짜,오진,다,ㅋㅋㅋ,진짜,로,구토,나옴,.,면상,부터,.
신상털기,인가요,?,횡령,이지,요,..,민주당,이,괜찮다고,법,이,괜찮은,건,아니,겠지요,.,법,으로,판결,해주,세요,.,대한민국,은,법치,구,까,입니다
스스로,정화,할수,있는,능력,이,있느냐,없느냐,가,선진,정치,야,!,정치,로,평생,밥,벌어,먹었으,면서,정치,라고는,해,보지,도,않은,사람,들보,다,못,하냐,어째,?,의혹,이,있으면,먼저,나,서서,밝히는게,맞자나,!
김어준,같이,징,한,놈,이다,~
진짜,골,찬이는,모래,냐,?,빨갱이,가,맞긴맟,구나
그동안,좋게,쌓아,온,이미지,저런,잡,년,때문,에,다시,안좋아,지겠네,.,이해찬,이,너,도,그만,노욕,그만,부리고,국회,를,떠,나라,.
너,나,잘,하세요,.,지,들도,보수파,한테,똑같이,하,면서,..
이해찬,잘,한다,",",ㅡ,계속,밀고,나,가라,",",ㅡ,제발,대선,까지,가즈,아,",,,,",국민,인,우리,가,너희,를,심판,하고,말것,이다,","
자기,진영,프레임,에,갇혀,현실,감각,이,전혀,없,구나,..,92,세,이용수,할머니,는,사리,분별이,확실,하,던데,이해찬,이야말로,사고,에,왜곡,이,일어,난,거,보니,치매,가,의심,된다
이해,골,=,정신병,자,인증,함,.,조속,한,강제,입원,치료,요,함,.,이재명,한테,시키면,이런거,잘,하는데,....
ㅎㅎ,공천,한,사람,을,같이,수,사하라,정권,잡았다고,자기,들,맘대로,국민,들을,농락,하냐,?,대한민국,법치국가,맞나요
윤미향,과,이해찬,?,뭐,가,있나,왜,저렇게,감싸고,있,는가,?,대다수,국민,들이,공,분,을,사고,있는데,..,참,희한,하다,.
국민,들이,조용히,있다고,당신,의,말,에,동의,하는건,아닙니다,.,지켜,보고,있다는것,.,국민,들은,사리,분별,을,할줄,안다,는걸,아시,기,바랍니다,.
해골,바가지,보기,도,싫은디,..,제발,얼굴,은,빼소
이,게,나라,냐,?
ㅔㄹ,늙다리,슄기
윤미향,의,남편,김삼,석,은,수원시,민신,문,이라는,빨갱이,인터넷,사이트,의,창립,자겸,대표,.,과거,남매,간첩,단,사건,으로,국가보안법,위반,및,내란,선동,으로,징역,4년,",",자격,정지,4년,을,선고,받았고,16,개,대학,를,상대로,공갈,및,금품,갈취,혐의,로,입건,되고,유죄,판결,을,받았다,.,류경,식당,종업원,집단,탈북자,들,에게,월북,을,회유,",",북한,혁명,가요,를,부르는,등,종북주의자,.,정,의연,에서,대한민국,세금,을,보조금,으로,빼가고,그,돈,을,윤미향,을,거쳐,북한,공산당,김삼,석,이,빼가는,구조,.,김삼,석,및,윤미향,과,이런,북한,공산당,세력,을,두둔,하는,이해찬,을,국가보안법,위반,으로,구속,하라
해찬,이,미,향,이,한테,뭐,책,잡혔니,?
차라리,가만히,있지,ㅠㅠㅠ,공인,이,되면,경제,는,공개,인데,무슨,신상털기,),사회,운동,하,면서,부끄럽지,않게,살,지,감싸는,이해찬,도,더,하겠지
아,~~,저,얼굴,나와,저,소리,하는것,보니,운,미,향,은,의원직,유지,하겠네,.,또,국민,들,편,가르고,유야무야,끝내기,들,어가,는,구나,.,야당,은,무능,하니,아무,것,도,못,하고,.,암담,하다,.
자릿,도,찼겠다,진실,도,거짓,으로,바꾸기,이제,참,쉬우니,아주,막,가는,구나,!
도둑,놈,들,소굴,민주당,...,더듬는,성추행,자,소굴,민주당,...,나랏돈,빼먹고,위안부,등,치는,민주당,....,이런,당,이,존재,이유,가,있나,....,천벌,을,받을,민주당,...,좌파,먹여,살리는,조국,스러운,문죄인,정권,과,그간,신들,...,그리,고,광신도,대,깨문,....,이,게,나라,냐,...,정신,나,간,이해찬,...
야,이,ㄱ,H,새끼,야,니놈,주둥이,서,민주주의,가,나오니,이,대목,에서,한번,웃어,주마,으,하하,하,첫,번째,묻는다,윤미향,집단,의,30년,간,업적,하나라,도,있다면,말,해봐라,지,들,말안,듣는다고,기,림비,에서,이름,까지,뺀,년,들,이란,거,뉴스,에,나왔고,비리,에,관련,된,모든,정황,이,사실,로,굳어,지는,판국,에,집권,여당,대표,란,새,키,가,지엄,하게,들여다봤다면,이,사태,까지,왔을까,..,다,들,30년,업적,업적,강조,하는데,가만히,들여다보면,30년,간,피,빤것,외,엔,당,최,보이지,않는데,니놈,눈,까,리,엔,피,빤것도,업적,으로,보이,는,구나,사람,의,모습,을,했다면,부끄러운줄,알,아야,지,어찌,니,들은,한결,같,은지,...
감추면,감출,수록,감싸면,감쌀,수록,더,수상,하니,신상,은,두고두고,더,털리겠지,ㅋㅋㅋ,........
이자,식,말,하는,거좀,보소,.,극우,의,악용,대상,?,극좌,의,악용,대상,이,되었다고는,죽,어도,말,못,하겠냐,?,너,도,속,으론,그랬다는거,알겠지,최소한,초딩,정도,의,머리,가,있다면,모르면,천치,아,니,냐,?,이정,도,나왔으면,그,쪽,진영,의,대표,격,으로,사과문,을,읽어야,하는거,아니,냐고,.,니,들,이,그동안,국고,에서,예산,퍼주,고,양성화,한,단체,가,한,짓이잖아,?,어찌,위안부,할머니,를,팔,아,착취,해,사리사,욕,채우고,자기,네,진영,단체,들,끼리,나눠,먹고,심지어,간첩,질,까지,한,것,들,을,명명백백,히,수,사하,는,게,신상털이,식,의혹,제기,라고,감싸고,도,냐,고,.,제,정신,이,냐,?
징,하다
아직,도,정신,못,차렸네,이렇게,민심,을,못,읽는,사람,어떻게,대표,나,?,면상,한,대,x,고,싶네
이제,와,서,미,향,이를,버리는거,니,들,자신,을,부정,하는,꼴,밖에,안되니,어떻,게,든,덮으려,하겠지
180,석,이,법,이고,정의,고,진실,이다,는,사람,임,180,석,이면,자기,생각,이,곧,국민,들,생각,이고,정답,이며,진리,라고,생,각하,는,늙은이,ㅋ,옛,어른,들이,늙으면,죽어야,지라,는,말,을,했는지,저,늙은이,를,보면,알것,같다,.,국민,들,70~80%,가,정,의연,과,윤미향,이,범죄자,고,정,의연,을,처벌,하고,해체,한,뒤,에,위안부,할머니,들을,지원,하는,사업,을,고쳐서,다시,해,야,한다고,생,각하,는,데,저,늙은이,는,자기,편이,라는,이유,로,모든,것,을,감싸고,오히려,비,난하,는,쪽,을,욕,하네,ㅋ,자기,편의,범죄,와,죄악,에,대해,귀,닫고,눈감는,늙고,오만,한,지도자,는,사라,지고,없는게,백배,천배,는,국가,에,도움,된다,.
잘,한다,탄핵,도,되돌려라
역대,급,180,석,답,다,허허,허,모르겠다,니,들,맘대로,해,라,대다수,의,멍청한,국민,들,덕분,에,나라,가,개판,이,되네
해골,찬,도,연관,된거,야,?,죽기,살기,로,보호,하는게,이상,허다,.
그래,.,그렇게,180,석,믿고,많이,깝,쳐라,.,이,게,니,들,이,말,하던,나라,다운,나라,인거,지,?,쓰레기,좌파,의,알파,요,오메가,인,완전체
일반인,신상털기,는,당,연,문제,가,된다,.,그치,만,윤미향,에,대한,의혹,제기,는,단순,신상털기,라고,할,수업,다,.,너,네,가,여지,껏,박근혜,최,순,실,정,유라,한테,했던건,신상털기,였냐,아님,정의,구현,이,었,냐,?
관상,은,과학,이다,..
제발,부정선거,총선,다시,하자,.
해찬,이도,해쳐,먹었냐,?
너,거,는,인간,이,이니,다,!,박근혜,때,본질,과,관계,없는,가짜,뉴스,퍼트,려,서,정권,잡은것,들,이참,가증,스럽다,!,역사,가,다,심판,해,준다,!,후손,들이,어떤,역사,교과서,로,공부,할지,훤히,보인다,!
너무,늙,어서,판단력,도,없,구나
똑바로,말,해라,.,위안부,털기다
이해찬,이도,윤미향,이랑,횡령,한,기,부금,을,같이,꿀꺽,했나,보네
더,불어,민주당,은,앞,으로,망할,일만,남았,구나,국민,들이,니,네,들,찍어,줬다고,잘못,하는것,까지,봐,주지,는,않아
선거,끝났고,우리,가,180,석,이니,걱정,말,자,.,토착,왜구,친일파,가,이용수,할머니,이용,하고,있다
그,래서,너,네,는,박근혜,신상,을,그리,탈탈,털었나,??,굿판,을,벌였네,....
당신,도,똥통,에,연관,있나,?
한심하다,.,어찌,저런,사람,이,국회의원,인지,...,ㅉㅉ
밀리,면,다,털리고,죽는다,ㅡ,소리,로,들,린다,ㅋ,풉,ㅋ,..............
윤미향,은,이해찬,의,세칸드,?,아니,면,왜,이리,감싸나,?,이해,불가,?,혹시,끍어,모은,돈,해골,에게,상납,했나,?
수입,있는,곳,에,세금,이,.,죄,가,있는,곳,에,수사,가
에이,구,개해,찬,아,?,빨리,정계,은퇴,해,라,.
늙,어서,사리,분별이,떨어졌네
ㅈㅃ,들,연결고리,조사,해,라
이인,간도,참,!,웃긴다,",,",회계부정,의혹,을,뭤땀시,밝히지못하,는가,?,왜,?,깜싸는,지,?,망령,하시,남,?
내,로남,불의,극치,!!
니,네,들,도,고딴,식,으로,해와놓곤,딴,소리,야,.,김어준,이,사실관계,확인,안,하고,음모론,꾸미는,거나,말려라,.,니,네,편이,잖아,.
내,가,말,했지요,?,풀숲,에,기어,다,니,는,개미,보다,더,지능,이,떨,이진,다,고,ㅉㅉㅉ
당신,하고,청화대,살고있는,사람,같은,생각,이야
이제,알겠네,.,정치자금,의,원,천적,인,근원,지,가,여기,군,.,하긴,기업,들은,보수,인데,.,정치자금,을,주겠나,?,결국,정,치하,려면,돈,인데,.,국민,기부,금,빼,돌려서,정,치하,는,진보,진영,이네,.,5.18,과,세월호,그리,고,위안부,.....,연예인,들과,국민,의,쌈짓돈,을,기부,받아,촛불,도,사고,",",킹크랩,도,돌리고,",",언론,도,사고,.....,너무,추잡,하다,.
와,.,말,하는거,좀바,.,역시,빨,간사,람,들,은,다르,구나,.,헐기가,찬다
그냥,주둥이,닫고있어,이번,일계,기로,시민단체,보조금,받는,곳,다,조사,하자,다,썩었어
신상털기,식,의혹,에,굴복,하라,고,했나,",",정,의연,이,할머니,를,편안,하게,모시,지,못,하고,이용,한,것,에,분노,하는거다,..,팩트,바로,잡고,여당,대표,로,서,사과,하라,~~
윤석열,장모,",",채널,a,",",한명숙,등,민주주의,근간,을,흔드는,사건,들이,즐비,한,데,조중동,은,침묵,하고,윤미향,보도,는,자극,적,기사,로,열,을,올리고,있다,~!!,극우,들을,위,한,씨,라시,만도,못,한,신문,!!
해찬,씨,?,30년,동안,정말,제대로,우리,의,고통,당한,어머니,들을,위해,활동,한,건지,제대로,확인,해,야할,문제점,이,발견,된거,에요,확,인하,기도,전,에,두둔,하지말구요,ㅋㅋ
정치,를,그렿,게,오래,했는데도,아직,국민,의,정서,를,이렇게,이,해하,지,못,하니,...,참
그래,.,이러다,다,같이,골로,가라,.,똥,인지,된장,인지,찍,어서,맛,을,봐야,알,정도,면,뇌,상태,가,온전,한지,의문,스럽다,.
더,불어,침묵,당,더,불어,공산당,ㄹㅇ,ㅋㅋㅋ,21,대는,제발,당,윗,대가리,에,복종,하,면서,당,차원,으로,행,동하,지,말고,개인,소신,껏,행동,했으면,좋겠다,.,이,게,민주주의,국가,냐,공산주의,국가,냐,?????
이건,정으니,화법,인데
디져라,ㅡ,쓰레기
선생님,의,탁월,한,식견,에,어떻게,존경,을,표,해야,할지,암담,하네요,.,사슴,을,두고,말,이라,주장,하시니,옛,고사,를,그대로,재현,하시니,그저,개돼지,는,놀랄,뿐입니다,.,후세,가,길이,길이,선생님,의,이름,을,간신,배,와,같이,놓고,씹을까,심히,저,어,됩니다,!
윤미향,과,더민,당,부패,를,지,도부,는,냉정,하게,처리,를,해야,할것,이다,.,더민,당,의,부패,청산,과정,을,보고,국민,은,앞,으로의,선거권,을,행사,할,것,이다,.,집권,당,은,할,수,있는,최선,을,다해,잘잘못,을,파헤,치고,제대로,잘,해결,되길,국민,은,보고,있다,.,집권,당원,이라고,전부,관,대하,게,넘,어가,지,마라,.,국민,의,고통,과,힘듬을,편,가르지,않고,제대로,일,처,리하,는,당,이,아니,라면,외면,당할,것,이다,.
사람,고쳐,못,쓴다는,어른,말,맞네요,.,당신,이,거울,앞,에서,본,당신,모습,은,¿¿,악마,일듯
이제,갈,때,가,되었지,?
박용진,의원,처럼,사리,분별,하는,의원,들이,많이,있었으면,좋겠다
미쳤나,보네,.,해골,이,노망,이,났네,.,저,것,도,연화,장가,서,진짜,해골,될,날,얼마,안남,았,네
꼴통,기득권,이,늘,하던,소리,같지,않아,?,무조건,꽁꽁,지키려,구,?,열린,민주주의,로,삽시다,.
이런,미,친소,리,옛날,부터,하는데도,총선,에서,여당,밀어주고,지금,도,정신,못,차리고,윤미향,조국,정경,심,감싸는,사람,들이,많은게,현실,임,...,말로,는,정권,교체,시킬거,처럼,하,더니,까고,보니,전부,돈,준다는,말,도,안되는,포퓰리즘,에,빠져,서는,민주당,지지,...,이건,시작,에,불과,하다,대선,까지,넘,어간,다,면,향후,8년,은,이런,일,의,연속,일,듯,...
국민,들은,팩트,를,이야기,하는거다,",",윤미향,이,가,기부,금,",",국고,보조금,을,어떻게,투명,하게,사용,했,는가,를,묻고있다,",",그걸,밝히,라는,데,무슨,늠,의,굴복,을,하면,안되다고,지럴,이냐,!!!,OOO,저런,사고,를,가진,당,에,180,석,을,준,개돼지,가,더욱더,불쌍타,~~~
편,들,걸,편,들어야지,해골,같이,생긴게,완전,치매,수준
쉴드,쳐줘야지,지,들이,여기,빼먹은,돈,이,얼마,인데,촛불집회,세월호,집회,조,국수호,집회,탄핵,집회,그,집회,에,들,어가,는,돈,피켓,야광,봉,머리띠,수백만,명,그렇지,않아도,궁금했는데,이제,좀,보이,네,이런,단체,돈,끌여,다,동원,한,거,아님,그러니,위안부,해결,되면,안되지,세월호,문제,도,계속,재,조,사하,는,이유,가,그거,아니,겠냐고,이해찬,그러니,윤미향,잘,쉴드,해,줘라,문,재앙,이,조국,에,이어,마음,의,빚,.,지는,사태,가,일어,날라,제,길
본인,도,관련,이,있나,?,천하,가,다,아는,일,을,저렇게,말,하냐,?
민주당,은,앞,으로,노무현,대통령,팔지,마라,.,이,해찬,과,민주당,청와대,는,운동권,세력,에,완전,히,세뇌,당했다,.
이사,람,진짜,이해,안되네,한국,당,이,이렇게,햇으,면,촛불시위,해도,남을꺼야
얼릉,집,에,가,!,인생,참,지저분하게,산다,!
30년,동안,삥,뜯은,양,아,치질,이,무슨,자랑,이,냐,!,다,찢엊,죽,이고,싶다,!!!
이,쪽,인간,들이,제일,짜증,나,는건,잘못,을,인정,할,줄,모른다는것,.,일단,이런,일이,생긴것에,대해,사과,하고,철저,한,조사,를,약속,해,야,하는,것,아닌,가요,?,항상,친일,프레임,에,우린,잘못,한,것,없다는,식,.,이해찬,이,사람,도,대한민국,교육,을,이렇게,작살,내놓고,사과,한마디,없었습니다,.
위안부,할머니,말,이,다,꾸며,낸,조작,된,극우,라서,그렇,구나,...,대가리,가,있으면,제명,시켜
180,석,누가,뽑았지,?,국민,이,책임,져야
그대,는,이세,상,살,만큼,살앗다는거야,뭐,여,이런,불,법적,으로,위안부,할머니,들,에게,지급,하여,그,분들,에게,조,그이,나마,남은,여생,원한,풀,고,편안,하게,지낼수,잇,도록,하여,주어,야,하는,성금,들을,정의,연,일부,집행,부의,부의,축적,으로,사용,된것,인데,당신,노망,나,셧,나,요,그,말뜻,무엇,인지,명확,하게,하여,주어,다오
관상,은,놀라운,과학
잘났다,...
니,상식,은,국민,의,눈높이,와,많이,차이,가,나는것,같,구나,위쪽,대변인,당,은,쪽바리,와,계속,각,을,세워야,되니,아귀,같은,아줌마,아직,은,이용,할,가치,가,더,있는,모양,이네,둘,이,합쳐,연봉,오,천만원,부부,가,현금,으로,집,다섯,체,샀다는것은,의혹,제기,가,아니,고,사실,아,냐,?
포청천,의,기개,와,결기,로,비리,를,밝히고,부정,으로,축재,한,재산,을,환,수하,고,민주당,을,향,한,국민,의,기대,에,부응,할,찬스,를,제,스스로,묵,사발,내고,있구만,..,이러,면서,과거,청산,",",적패,청산,을,말,할,자격,이,있나,?,그렇다면,권력,의,남용,이지,..
이런,민주당,을,국민,들이,선거,에서,지지,해,줬으니,국민,들은,할말이,없다,.,자업자득,이다
이,놈,은,정말,이상,한,놈,일세,감쌀,걸,감싸야지
진짜,이,정권,에,대한,혼란,이,올,수도,있다고,생각,합니다
윤미향,돈,당신,이,받았,구나
윤미향,문제,가,사사,로운,신상털기,로,보이,나,??,옳고,그름,의,판단력,이,없,구나
혹시,미,향,이,집,구입,하고,남은,돈,노무현,재단,으로,들,어간,겨,아냐
양심,이,없네,정말
인지,기능,상태,가,의심,스러,움,.
관상,은,진리,다,어쩌다,이렇게,늙,어서,지,고집,과,아집,으로,똘똘,뭉친,영감,탱,이,가,민주당,을,좌지우지,하고,있나
이,양반,에,이,게,신상털기,냐,?,치매,왔냐,?,정신,못,차니,는,구나,비리,를,저질렀으면,조사,받고,감방,가,는게,순서,다,늙은아,정신차려라,!!!
쓰레기,노인
공적자금,사용,처,를,명확,히,밝히지,않으니,개인,사용,의심,을,받는거고,유학,비용,",",집,구매,대금,해명,이,번복,되는,등,신뢰,를,잃으니,더욱,의심,이,커,지고,쉼,터,",",지원,금,공시,누락,",",회계,장부,오류,등등,점점,많은,문제,가,들어나는데,웬,신상털기,?,아,~~~,정,의연,이,미,향,이,개인,재산,이라,개인,신상,이라는,건가,?,해,찬이는,미,향,이,가,정,의연,의,기부,금,지원,금,제,돈,처럼,썼다는거,알,고,그러는,구나
180,석,만들어주는,개돼지,들이,있는한,지,들,마음대로,나라,망치,겠지
해골,28,호,신상,도,한번,털어야,하는데,...,무슨,커넥션,이,있길래,저렿,게,쉴드,를,치는지,...
면제,부는,안도,니,다,시민단체,는,어느,곳,보다,정의,로,워,야,한다
이분,은,뉘,신가,???,화성,에서,온,사람,...,우리나라,국민,들의,민주주의,수준,은,이해,친,씨,가,걱정,하지,않아도,됨,...,귀하,가,민주주의,공부,를,다시,할,필요,가,있,어요,...,기부,금,",",국고,보조금,해먹,은,게,신성,털,이냐,???,정당,한,민주주의,지,...
이,해골,이,윤미향,한테,빛,이,많은,모양,이,ㅜㄱ,나
선거,전과,후,",",차이,가,많이,나네요,.
그,래서,너희,들은,유라,의,갓,난쟁이,신상,까지,털었었,구나,!
완전,ㅁㅊ,가는,구나
할머니,들,위해,모은,돈,을,당신,도,해,드셨,구나,..,기생충,들아
얼마,안남,았슴,모든,것,그리,고,불쌍하다,추하,다,한마디,더하면,더럽다
같이,나눠,먹었냐,?
그,래서,김영아,가,누,군데,?,말,좀,해줘,.
..,이,거,.,약,쳐,먹지,.,않,코,서랴,....,정신,갔네,.
정말,가관,이로,세,...,해골
본인,이,확실,하게,의혹,을,해명,하면,되,자,나,??!
이용수,할머니,가,회골,보다,상태,가,좋은,것,같다,.
이해찬,니,가,.,해골,빠,가지,가,돼야,.,성숙,한,시민사회,가,된다
위안부,할머니,편,든다고,토착,왜구,친일파,라는,발상,은,도대체,어떤,논리,인거,지,?,난,도대체,...,저,사람,들,논리,는,아직,도,이해,하기,힘들다,~~
옳은,말,이다,.,기레기,",",기,더기,",",공작,수사,",",기획,수사,가,판치는,요즘,",",카더라,통신,으로,여론몰이,해선,안된다,.,팩트,에,입,각,해,시시비비,를,따,지고,고칠건,고치,고,사과,할건,사과,하고,법적,책임,을,질건,져,야한다,.
이제,기부,금,횡령,해서,집도,사고,국회의원,도,되는,아름,다운,세상,이,되었습니다
처음,서두,를,"""",의혹,을,확실,히,규명,하겠다,"""",로,시작,해,야지,자네도,자네,가,그리,싫다,고증,오하,는,아니,다르다,고하,는,적폐,와,무엇,이,다른,데,~~~?,니,가,더,나빠,~~~
(=,ㅂ,=,);;,광주,시민,들,선동,해서,사지,로,내,몰고,",",못,된,짓,만,하,면서,살,다가,이제,관,속,에,들,어가,기,전인,데,끝,까지,반성,을,모르는,작,자구,만,.,바지,에,똥,싼,것,처럼,걷는,것,도,추,해서,못,보겠구만,.
이,게,의혹,이야,??,이건,인간,적,으로,니,네,ㅈㄴ,역겨운거,아니,냐,??,3일,어그,로,끌,고,불체포특권,받겠다,는걸,주둥이,를,길게,씨,부리,냐
ㅋㅋㅋ,성숙,한,민주주의,?,그,래서,니,들,은,밥,도,못,먹은,장관,이,라면,하나,먹는거,가지,고,개,난리,를,쳤었냐,?,ㅋㅋ,성숙,한,민주주의,와,적폐,청산,은,편,가르지,않고,잘못,은,처벌,하는것,이다,!,그저,자기,편이,라고,감싸고,돈다,면,그게,바로,적폐,고,국민,분열,을,선,동하,는,양,아치,인거,다,!,책임,과,처벌,을,얘기,했는데,그,당사자,가,바로,윤씨,아줌마,인거,다,!
대표,님,도,어찌하여,5.18,유공,자가,되셨나,요전,에,공식,석상,에서,그,당시,광주,에,간,적,이,없으시다,면서,요,그럼,줘도,안,받으셔야죠,당신,께서,도,그,러시,니,윤미향,을,감사,고,몇,일후,면,국,개,의원,되고나면,불채포,특권,노리,나,요,보고,있으니,잘,하십시요
이해찬,이,답,다,~~,곧,어디,론,가,갈,때,가,된것,같다,~~
이,놈,아,그럼,너,는,왜,의혹,제기,하,고다,냐
동문서답,에,모순,덩어리,....,해골,찬,답,다,.
파란,해골,13,호,..,어휴,..,ㅉ
조구,기,의혹,~~,윤미향,이,의혹,을,이러,식,으로,대처,를,하다니,역시,이해찬,이네,여론,은,항상,무시,ㅋ,ㅋ,ㅋ
드디어,본래,모습,이나,오네요,.,내,편,이면,불법,이라도,좋다
180,석,배,가부,르,지,그것,민심,읽을면,한번,에,훅,간다,머,지,않은,날
그것,이,니,늘,전문,이,잖,아문,빠늘,달려들,어서,탈탈,털,어서,아주,사회,에서,매장,시키는거,그리,고,아무,혐의,없으면,말,고식,".,,,",니,늘,하는,짓,꺼리,니,늘,이,당하,니,하지,말,라고,?,없는,일도,있던것,처럼,만드,게,니,늘,이고,살인죄,지은,인간,도,영웅,만,들고,뇌물,처,먹은,인간,도,영웅,만들고,추,모하,는,게,니,들이잖아,그러,고도,뻔,뻔하게,고개,처,들,고,국회의원,이라고,다니는거,보면,",,,,,",하긴,너,그,들,같은,인간,들,찍어,준,인긴,들이,있으니
의혹,이아,니,라,사실,이면,니,가,책임,지고,할복,해,라,.,늙은,노망,든,노인,주제
이해찬,김어준,김제동,조국,....
그래,검찰조사,지켜봐,헛소리,지,버,치우고,개,ㅅㅐ,야
총선,승리,에,의한,교만,이,하늘,을,찌르네요,.,어달,감히,..,성역,을,건드려,이런,식이,네,요,..
더러,운,좌파,들
해골,영감,아,그냥,공천,실수,인정,해,라,.,지,실수,인정,하기,.,싫,어서,조국,사태,만들지,말고
ㅋㅋ,코미디,구먼,!,정계,은퇴,해,야지,~,뭔,부귀,영화,를,보겠다고,!,손주,들,하고,집,에서,노년,을,보,내시,길,~~,진심,건강,걱정,돼서,하는말,이니,곱갑,게,듣지,마셔
이,사람,제,정신,이야,.,저승사자,지금,당신,때문,에,화났어,.,한,달안,에,넌,작살,난,다,.
신상털기,?,범죄,행위,조,사하,는,게,신싱털기몀,이나라,에,경찰,검찰,이,무슨,필요,가,있냐,?,저런,게,여당,대표,라니,진짜
야,진짜,해도,해도,너,무하,네,~,최소한,할머님,편,에서,생각,이나,하셨을까,?,대박,이다,대박,이야,여당,박수,~~~,할머니,우리나라,정부,가,이렇습니다,.,정말,대박,이지,아,나,요,?,신상,털사,람,이,없,어서,할머니,께서,이,러시,는,걸까,요,?,한,심,하고,한심합니다
이,추한,인간,은,은퇴,안,하나,?,노망,들었다는,생각,밖에,안든다,.
민주당,만,들,어가,면,어째서,저,모양,저,꼴,이,되나,하고,의아,해,했는데,너,말,하는거,보니,이제야,알겠다,.
일부,극우파,가,그런건,있다고,하,더라도,언론보도,가,위안부,문제,에,딴지,를,건,걸,본적,이,없는데,..,보통,의,사람,들도,위안부,시민운동,에,딴지,안,걸,어요,..,제발,이상하,게,호,도하,지,마세요,.,지,들이,했던,신상털기,는,다,까먹으셨나,보네,..,진짜,진보,세력,내,로남불,은,치가,떨림
미쳤,구나,?,니,가,책임,질거야,?,노망,들렷,나,?
이해찬,상,황인식,안되나,?,신상털기,라니,?,제정,신인,가,?,윤미향,이,잘못,이,없는대,신상털기,냐,?,이제,라도,커밍아웃,하,시지,정의,연하,고,좌빨,시민단체,와,유기,적,연,계,고리,가,있,어서,몸통,숨기,듯,한다고,하,지만,국민,들은,바보,가,아니,다,다,알,고,있어,너희,좌빨,들,언,젠,간,끝,을,볼거다,기다려라
할머님,언급,이,전혀,없네요,.,윤미향,만,걱정,됩,니까,?
해골,박아지,답,다,저런,게,여당,대표,라니,에,라,잇,퉤퉤,퉷,빨,게이,🐕,같은,ㄴ,아
박,그네,정유,라,최,순,실,한테,는,왜,그랬어,????????
이해찬,씨,당신,은,정말,시궁창,같은,개,소리,만,하는,구려,.,불쌍,하오
민주당,도,이제,...,극좌,세력,들만,붙어있겠,구나,....,떨어져,나가,는,소리,가,들,린다,.
전,국민,이,윤미향,사퇴,요구,하는데,",",문재인,이해찬,이,버티네,ㅠㅠ
★,이세,끼,...,생긴거,봐라,....,국민,이,적,이냐,??,she,floow,마,!!!
의혹,이,아니,라,사실,이다,.
이,게,불쌍한,위안부,할머니,들,앞,에서,대표,정치인,이,할,소리,인가,?,기,가,찬다,이해찬,이나,김어준,이나,위안부,할머니,들을,정치,적,으로,이용,할,위안부,로,밖에,생각,한,게,드러났다,OOO,들
일,마이,거도,신상,확,털어야,된다,.,비리,가,엄청,날거다,.
신상털기,전문,은,더블,공산당,이다,...,니,네,쪽,인간,이하,가,잘못,을,했으면,잘못,이라고,인정,할줄,알,아야,진정,한의원,이,지,...,북,빨갱이,들,처럼,잘못,을,잘못,이라,인정,안,하는것,들은,정치,할,자격,이,없는것,들,이다,...,더블,당,은,해산,이,답,이다,...,역겹다,...
거대,여당,대표,라는,게,민심,파악,오지,게,도,못,하네,!,지금,정,의연,단체,가,문제,가,아니,고,그걸,한,개인,이,사욕,으로,이용,했다는건데,왜,자꾸,딴,소리,만,하는지,?,치매,면,정치,퀀떠,나,요양,이나,해,!,그리,고,개인,의,비리,에,대한,이런,저런,논쟁,의,불씨,가,된,인간,이,지금,까지,불러,온,혼돈,과,혼란,그리,고,국론,분열,까지,이모,든,것,만,해도,사실,여부,떠나,제명,시키고,사퇴,시켜야,할,당,대표,라는,게,앵무새,마냥,똑같은,소리,만,주,절,거리,네,.,정말,재수,없다,.
돈,존나,받아,묵었나,보구,만,기,래
그럼,윤미향,이,직접,나,와서,해명,해,야지,.,이해찬,당신,이,윤미향,대변인,이,냐,?,명색,집권,여당,의,대표,가,자기,진영,이라고,두둔,하는게,상식,적,인,행동,인가,?,윤미향,의,일반,서민이,아니,다,.,공인,이면,가정사,의,시시,콜콜,한,거,빼고,특히,세금,",",기,부금,의,유용,또는,횡령,의혹,제기,에,대해,밝히는게,당,연한,거,다,.,모름지기,견제,받지,권력,은,절대,부패,한,다는,걸,모르,는가,?,신상털기,운,운하,면서,사실,을,흐,리지,말라,.,상식,적,으로,납득,할,수,있게,밝히면,된다,.
민주당,을,지,지하,는,입,장이지,만,시민단체,가,개인,들,돈벌이,로,전락,해서,는,안됩니다,.,더,좋은,일,들,을,하는,다른,단체,도,지금,피해,를,보고,있는,상황,으로,치닫고,있는,상태,인데,윤미향,대표,시절,에,잘못,한,부분,이,계속,해서,나오고,있고,당,대표,께서,빠른,정리,를,해,주어,야,지,이런,발언,으로는,민주당,을,지,지하,는,입장,에서도,이해,가,되지,않습니다,.
근거,없이,의혹,제기,하는건,김어준,이고
",",상식,적,으로,받,아들,이기,어려운,부분,이,상당,히,많다는,말,은,국민,들이,할,말,이지,해찬,할배,가,할,말,은,아님,.,그,대,표적,인게,할머니,보고,토착,왜구,라고,하는거에,대해,말,해보소,.
그,책,임질,사람,이,잠수,탓,자,나,몇,일,뒤,의원,신분,되면,불체포특권,으로,버틸,려고
너,도,해골,이,다,돼,가는,구나,.
이인,간,관짝,에,실려,나가,는거,빨리,보고,싶가
정,상적,인,사고,능력,을,상실,했네
180,석,되니,무소,불위,네
그래,끝,까지,안고,가,라,한꺼,번,에,치워,주마,쓰레기,동,으로
그러나,..,너,도,알고있겟지,.,잘못,된것은,...,대한민국,여,댱,대표,가양,아치,하고,똑같다,",,",아니,양,아치,는,양,아치,라,하,지만,",",이,넘,들은,",",정의,와,공정,을,왜,치면,서양,아,치,짓을한,다,",,,"
만만,한,게,신상털기,구만,.,싸고,돌,걸,싸고,돌아라
빨갱이,들의,제,식구,감싸기,!,윤미향,남편,은,유명,한,간첩,!,좌빨,들의,진성,빨갱이,사수,작전,!
자,기일,처럼,변호,하는거,보니,.,.,같이,해,먹었을,가능성,이,..
어이,가,없네,.,회계,가,동네,조기,축구,모임,보다,못,하더만,",",명색,이,시민단체,가
도대체,가,정치인,은,정상인,이,없음,.
이,놈,은,신상털기,와,범죄,를,구분,못,하네,....,자기,네,식구,가,걸리면,신상털기,고,남,의,새끼,가,걸리면,대역,죄,에,천인,공로,할,범죄,라고,하니,....
이,들,은,뼈속,까지,피해,의식,에,지배,받고,있는것,같다,.,노무현,전대통령,서거,가,언론,과,검찰,의,지나,친,마냐,사냥,으로,인한,것,이라는,결론,을,짓고,그,이후,부터는,히스테리,적,으로,자,신들,을,향,한,조그만,의혹,부터,큰,의혹,까지,모두,적,들,의,음모,이며,자,신들,은,피해자,라고,생,각하,는,콤플렉스,가,있지,않나,생각,이든,다,.,그리,고,또,다시,노무현,전대통령,같은,상황,이,발생,되면,안되기에,처,절하,게,자기,들을,미화,하고,포장,하고,거짓,으로,감추며,완벽,하게,자기,들을,보호,하려,한다,.
내,로남불,.,적폐,로,정권,잡았는데,알,고,보니,여기,가,끝판,왕,이었네,?
돈,줄,잡기,바쁘네
이런,조,같은,나라,에,사는,국민,만,불쌍,하고,이런,ㅆ,레기,를,뽑는,홍어,OOO,세기,들이,싫,어서,코로나,끝나면,이민,준비,중이,니까,맘대로,니,들,할,때,까지,해봐라,OOO,세기,들아
또,조국,처럼,되,려고,하는,건가,?,신의도,좋,지만,끊을,건,좀,끊어,냅시다,.
저,해골,빡,대기,노친,네,가,문제,다,",",노무현,님,이,그렇게,가,고자,하던,공정,의,길,을,버리고,냄새,나,고,추악,한,길,로,가는,구나,",",안경,너머,째진,눈,깔이,오늘,더,사악,하게,보인다
이,입,을,..,당신,어미,가,위안부,라면,",",그래도,그,입,그대로,놀린,건지,",",당,신들,이,잘,하는,말,있잖아,",",당신,자식,이라,면,그런,말,할수있냐는,래퍼,토리,",",제,식구,라도,정도껏해,야,지,이건,뭐,도둑,놈,소굴,도,아니,고,!
둘,이,혹시,회,쳐,먹었나
신상,터,는,건,니,네,편이,전문,이야,.,윤미향,이,보고,검찰,에,가,조사,를,받으라,권고,해도,모자,를,판,에,언제,까지,감싸고,돌거야
이,사람,도,뭐,가,있,구나,?
윤미향,과,이해찬,이,는,이미,소통,을,했네,.,조국,처럼,민주당,이,끝,까지,지켜줄거,니까,걱정,하지,말고,생,까면,된다고,지침,을,준거,같다,.,정,의연,에,수십,년,동안,사리사,욕,을,챙겼는데,문제,가,없다,?,이,게,다,국민,들,때문,이다,.,저런,정당,에,표,를,주는,한심한,국민,들,때문,이다,.,창피,하고,참담,하다,.
더,불어,민주당,세상,인데,뭐,무서운게,있겠,습,니까,하,지만,국민,들은,깨어있는,사람,이,많습니다
민주주의,를,가장,한,가장,추악,한,노망,난,할아범,이,되,어가,는,구나,~~,어른,이면,잘못,된것을,고쳐주고,국가,와,국민,을,위해,서,선,한일,을,하고,이세,상,정리,를,할,생각,은,안,하고,진영,논리,로,국민,편,가르기에,여념,이,없는,망나니,로,보이,는,구나,.,노무현,정신,운,운하,는,것,이,부끄럽지,않,는가,?
★,이해찬,...,이,넘,...,광주,5.18,유공,자일,겁니다,...,분명,!!!,광주시,민,이,일어,나야,하는거,아냐,???,C,8,!!!
“,정의,기억,연대,가,30,여,년,활동,이,정,쟁의,도구,가,되,거나,악의,적,폄훼,",",극우파,의,악용,대상,이,될,수,없다,”,고,말,했다,.,이,대표,는,또,“,잘못,이,있으면,고치,고,",",책임,질,사람,은,책임,져야,한다,”,그런데,너,는,왜,자꾸,숨기,려고,만,하는거냐,???,30년,의,활동,이,자신,만의,이익,을,위,했던거,라면,결과,와,상관,없이,그,여자,는,국민,들을,기만,하고,우롱,한,것,일,뿐,이다,...,결과,만,좋으면,과정,이,불법,이라도,좋다는,건가,?
이해찬,너,도,뇌,가,썩,어가,는,구나
그만,좀,해요,노인,네야
어휴,해골,바가지
저,짓거리,를,하니,각종,시민단체,사회,단체,진보,단체,들이,욕처,먹는거야,...,좌파,들의,대갈,통속,의,법,양심,은,뭔,지,진심,궁금함
양심,이란,게,없다,부정선거,조사,해,라
침,이나,한번,뱉아줘야지,.,퉷
신상털기,이야기,하긴,분,은,아,털었나요,?
완전,꼰대,중,에,꼰댈세,.,제,정신,이,아니,세요
난,이해찬,이사,람,장말,이해,안된다,조국,사건,때,도,솔,직하,지,못,했고,지금,도,그렇다
돈,받아,처,먹었나,.,상식,밖,이네,.
참,귀가,차서,말,이안,나,온다,얼마나,더,해먹,어야,인정,할꺼냐,역쉬,따블당답다
더,불어,강,긴당,답,다
괜찮지,뭐,.,조국,사태,에도,180,석,...,이건,아무,리,봐도,선거,조작,아니,면,안되는데,선거,조작,이,성,공적,이,었으,니,이,젠,겁,대가리,상실,해도,되짘,ㅋㅋㅋㅋㅋ
이명박,:,???
뇌,는,있냐,?
와우,!,진짜,해골,머임,?,넘나,상식,적,이고,민,주적,이어서,조국,이나,윤미향,이,가,보호,받는다,그쟈,?,ㅋㅋㅋ,진짜,대박,이다
야,이,개,자,슥,아,비례대표,공천,잘못,으로,비출까봐,저렇게,씨,부리,는,구나
이,새끼,많이,받아,쳐,먹었구만
잘못,한,것,은,잘못,했다고,해,라,왜,자꾸,국민,을,이간,질,시켜서,둘,로,쪼개려,하나,?,180,석,국회의원,이,대한민국,을,좌지우지,할수,있다고,착,각하,지,말라
해골,아,니,가,멀안다고
건강,좋지,않,아보,이던,데,집,에가,서,편히,쉬,기바,랍니다,.
어디,까지,갈거야,?,끝,까지,가볼까,.....
썩을,민주당,ᆢ,욕,나오네,ᆢ,위안부,할머니,도,친일파,로,모,는,구나,ᆢᆢ,정신,나갔,구나
사퇴,를,안,하는데,신상,털건,털어야지,..,니,네,전문,이,잖아
저,것,들,은,아가리,를,털어야,함,~!!
빨치산,은,반드시,살려,야한다는,친북,좌파,ㅅㄲ,.,돈,줄이,끊어,지는,데,어캐,든,살려야디,.,날래,영화,한편,찍자우,기,부금,의,추억,",",돈,맛,.,.,.
넘,오래,있었다,이제,내려와라
당신,윤미향,에게,얼마,받았나,..,공천,대가,로,말,이야,..,범죄자,감사,로,도,는,것,이,민주당,당선인,과,조국,범죄자,와,뭐,동일,하잖아,..,민주당,재앙,이다,.
윤미향,구,하기에,친북,좌파,총동원,령,~~
선거,끝났다,ᆢ,국민,이야,디지든,말,든,일제시대,때,일본,에게,끌려,간,정신대,할머니,말,믿을래,ᆢ,아님,민주당,위해,투명,하게,집,5,채산,사람,들,말,믿을래,ᆢ
저런,인간,들을,지,지하,는,개돼지,들아,보거라,!
냉정,하게,생각,해,봐라,...,그동안,시민단체,라는,거,만들,어서,급여,받,아가,며,호가호위,하던,인간,들이,누구,인가,...,그,돈줄,가운데,큰,돈,줄인,정,의연,이,포기,가,되겠,는가,...,이는,조폭,보고,자기,구역,포기,하라,는,거,하고,같은거다,...,그러니,저,양심,없는,쓰레기,들이,이리,난,리치,는,거,다,...,여의도,는,쓰레기,집하장,이냐,...,온갖,쓰레기,들이,서로,가,려고,난리,게,...,역겹고,.,추하,다,..,이해,충,아
국민,들이,등,돌리고,있다,...,청와대,민주당,이,180,석,으로,민심,을,누를,순,없다
뭐라,씨,부리,삿노,ㅋㅋㅋㅋㅋ
먼저,.,사람,이,.,되어라
아무,래,도,니,들,뇌,에,이상,이,생긴듯,.,상시,과도,덕이,없는,더듬어당
만주,당,의,기본,사고,가,어의,없다,..,반일,프레임,이,이,정권,의,핵심,이니,...,위안부,할머니,이용,한,정,치질,이,핵심,인데,이,걸,못,하세,생겼으니,...,무조건,감싸기,...,양,아치,넘,들
그렇게,자란,놈,들,은,다,그렇게,생,각하,는,구나,양,아치,들
대박,이다,민주당,적폐,다
쓰레기,들
해골,씨,",",뭔,말,도,안되는,누구,도,공감,못,하는,그런,개,이소리,를,혼자,하고,있나요,?,정말,한심한,더듬어,대표,이구나,정말,어이,없네,!!!!!!!!!!!!
가짜,5.18,유공,자,...,해골,바가지,잘,하고,있어,...,그,소신,절대,굽히지,말고,가거라,....,follow,the,party
코로나,제주도,여행,간,모녀,를,강남구,청장,떠,벌것이,대변인,해주,더니,이,젠,온갖,구설수,오른,현,재는,일개,인,에,불과,한,당선자,라고,당,대표,가,변호,하는,꼬,라,지라니,!,몇,일지,나,개원,하면,무조건,면책특권,이니,하,면서,막을게,뻔하게,보이,는,거,같네,.,당대,표,이씨,는,뭐,가,구려,서,이렇게,대놓고,변론,짓,일까,?,답답한,나,홀로,민주당,으로,당,명,바꿔라,!,고집,불통,민주당,으로
남,의,편,은,국민,이라,하,더라도,극우,로,몰아,붙이,는,여당,대표,.,이,것,이,더,불어,거,시기,당,의,이념,입니다,.
ㅋㅋ,내,편,모여,라,또,시작,이구나,ㅋㅋ
모든,것,을,정치,적,으로,풀어,갈,려니,까,자꾸,궤변,이,늘어나는,거지,ㅋㅋ,윤미향,이,미,통,당,이었어,봐,국민,무시,한,다고,발광,을,했을,해골,찬,이,ㅋㅋ,나라,꼴,이,아주,보기,좋아,ㅋㅋ
잘못,했으면,깨끗이,털고,가야,지하,긴,지,똥,하고,코딱지,도,더럽지,안치,역시,더려,운,집단,이다
표독,스런,저,상판,떼기,좀,봐라,...,정말,역겹다,.,저,놈,이,하는,말,의,의미,는,윤미향,년,이,한,짓은,자신,한,짓,에,비,하면,쪘도,아니,라는,말,인가,?
신상,털기에,굴복,같은,소리,하고,자빠졌네,.,그냥,이참,에,너,도,사퇴,좀,해,라,.,문제,있는거엔,감싸는,수준,의,너,네,정당,.,그게,할,짓,이냐,!,쯧,쯧쯧,한,심
이,괴뢰,도당,적폐,집단,이늠,도,철처,히,조사,해,봐,야할듯
어라,~,이,거,진짜,냄새,난,다,.,이제,이해찬,까지,나서는거,보면,뭔가,가,있나,한,가보,네,.,첨,엔,할머니,가,안,됐다고,생각,했는데,..,비례대표,국회의원,하나,살,리자,고,좌쪽,에서,이렇게,들,나서,?,너무,비상,식,적,이다,.,어떻게,위안부,할머니,가,30년,동안,불익,을,당하,셨는데,저런,말,이,나오나,.,정도,껏,해,라,.
선거,도,조작,하지,않았나,?,부정선거,아냐,?
열린,우리당,이어,두,번,말,아,드시겠,어요
이해찬,넌,죽,을,때,까지,쓰레기,구나
잠시,동안,그,입,을,닫았나,했,더니,",",아,니나,다를까,...,그렇게,도,묵,언,수행,할,것,을,얘기,했는데도,...,그러면,그렇치,!,또,한번,의,악수,를,두는,구나,...,많은,국민,들의,정서,를,거,스르,는,이상,한,나라,의,여당,대표자,.
이해찬,상,황인식,이,전혀,안,되는,것,같네,.,둘,이,얼굴,이,닮았다,.
아,전인수,의,끝판,왕,.,진실,에,눈,감고,패거리,이익,우선,시,하는,당파,정치,는,오래,못,가,.
헐,.,국민,들은,향후,판단,을,정말,잘해야,합니다,.
이,게이,게,무슨,개,소리,냐,오죽,하면,구순,이,넘은,어르신,이,1,시간,가까이,울분,을,토,해,가면,억,장이,무너,지는,피,를,토,해을까,문,죄,앙,.,이해찬,아,너희,들은,귀,막,고,눈,감고,너희,듣고,싶은말만,들,리지,온,국민,에,분노,는,안,들리고,안,보이지,세상,나쁜,놈,들,이여
해골,찬,이,시키가,노망,이,들,어도,단단히,들었네,~,ㅉㅉ
왜,할머니,가분,하고,이용,당한,다,고하,는,지,설명,해,봐요,몹쓸,것,들
이런,사람,이,대표,인,당,이,어떻게,180,석,을,얻었냐,진짜,.,노무현,대통령,께서,바,라신,정의,로운,사회,란,거가,이,거,냐,?
저,분,은,노망,난,것,같다
대가리,를,ㅠ
나랏일,하는,사람,이라,면,..,저런,말,하,기전,에,",",할머니,가,겪은,일,에,대해,미리,알지못해,송구,스럽다,.,라는,말,이,먼저,여야,한,다,.,어떤,시련,을,겪은,분,인데,그런,분,을,대상,으로,정,치질,을,하다니,..,그것,도,대표,라는,사람,이,!...,먼저,할머니,의,마음,을,헤,아,리세,요,.
정말,대단하다,OOO,욕,만,나온다
악마,같으니
30년,유지,는,중요,한,게,아니,다,.,지금,현재,썩었냐,안,썩었냐,가,중,요한,거지
네,가,.,상식,적,으로,이해,가,안,간다,시간,끌지말,고철,저하,게,수,사하라
이,해골,박은,입,만,열면,헛소리,여,데질놈
가짜,유공,자,....
이런,세,끼,가,여당,대표,다,.,어이,가,없다,.
뻔,뻔하기가,하늘,을,찌르는,구나,신상털기,라고,...,정신,간,x
쓰레기,같은,집단,민주당,진저리,난다,그래도,대단한,문,빠,들
네이버,특,다음,보다,공감,횟수,적음
이제,는,좀,쉬셔야,할듯,하네요,.,억지,좀,힘들지,않은,가요,ㅠㅠ
발,전하,는,민주주의,에서는,불의,한,짓,이,한,건,이라도,있는,사람,은,정치인,이,되면,안된다,.,모기,도,아니,고,..,정의,로운,사람,이,국회의원,되어야,한다,.,이,것,이,정의,로운,사회,이고,국가,이다,.,정신,차립시다
윤미향,김삼,석,을,옹호,하는,저,인간,의,정체,도,의심,스럽다,.,북한,과,내통,하는,인간,같다,.
너,도,불안,불안,하지,가짜,세퀴
에,라,해골,할배,야,부끄럽,지도,않냐
조국,사태,와,똑같은,대응,",,,",이,여자,한테,도,크게,빚진,게,있,구나
양심,이,있는,정치인,이,되면,얼마나,좋을까,.,한심한,양반,이네,.
생긴게,다,들,비슷하다,ㅋ
쓰레기,같은,것,들,은,다,모여,있네
사사,로운,일,??,미쳤군,.,피,같은,기부,금,해먹,은,게,사사,로,워,?
성숙,한,민주,사회,란,좌파,동지,들이,문제,가,생기,면,합심,해,덮는데,최선,을,다,하는것,이지,!
신종,코로나,시기,에,신종,왜구,가,출몰,했습니다,.
공감,능력,이,전혀,없는듯,정치,를,접어야,할,때,...
국민,들이,천치,바보,라도,절대,180,석,안,줬다,ㅠ
더,불어,함께,클라스,대,단합,니,다,..
선거,대승,하고,하는,짓,이,열린,우리당,때,랑,비슷하네
민좃당,찍은,ㄷㅅ,들,다,대가리,박으세요,~
진보,놈,들,이,찐,친일파,다
이,것,이,180,석,의,자만,인가,OOO,들,제,정신,이,아니,네,이해찬,걍,디져라
총선,끝났다,이,거지,뭐,.
조국,부터,해서,얘,네,가,잘못,했다고,한적,이,있냐,?,단,한,번,이라도,?,정의,는,죽었다,이미
저리,말,하는,걸,들어,보니,간첩,이,맞네,.
악마,같은,색퀴들,~~~
조씨,위조,문서,만드느라,고생,했으니,인정,해,야,된다고,하는,거나,마찬가지,....
자기,들이,제대로,검증,못,한,걸,왜,남탓,하는지,민주당,도,자,한당,닮,아가,네,그,래서,비례,는,없어져야,돼
치매,네,~,!!!
해골,바가지,얼른,나,가라
손바닥,으로,하늘,을,가려라
국민,이,우,습지,?,위안부,할머니,상대로,등처,먹은,인간,을,두둔,하니,?,국민,이란,단어,도,쓰지마라,역겹다,!!!!
민주당,인간,들,싸,그리,정신병원,가야,되는데,정치,하고,앉아있으니,나라,꼴,잘,돌아,간다
또,시작,이네,.,처음,에는,의혹,보도,에,할머니,를,친일,프레임,씌우,더니,이,젠,신상털기,프레임,씌워,여론조작,하려하냐,?,조국,수순,밟,아가,네,.,지겹다,.,저,놈,의,프레임,.
이,게,사사,로운,일인,가,?,말,조심,하,시오,.,지금,까지만,봐도,합리,적,인,의심,이,되는,일이,너무나,많은데,여당,에서,이렇게,윤미향,을,감싸기,보다,여당,이,본격,적,으로,진상,규명,을,할,려고,노력,해,야,죠,.,이,무슨,사사,로운,일,?,나,참,돌,아가,신,위안부,할머니,들이,원통,해,하실,일,이다
헐,~~,이런,당,이였어,?
이해찬,빨리,사라,져,라보,기,싫다,제정,신,아니,다
해골,이,사고,치는데,짤,라
당,대표,라는,분,이,하시는,말씀,이,신상털기,?,이렇게,많은,의혹,이,제기,됐는데,어떻게,그런,말,을,하지,?,이,게,거대,야당,대표,의,오만,함,인가,?,우선,윤미향,계좌,만,공개,해도,절반,은,해소,가,될텐데,왜,8일,째,아무,말,이,없는,거지,?,더,이사,은,거짓말,로,모면,하기는,어렵다,는걸,본인,이,알았나,보네,.
여지,껏,그런,식,으로,살아왔냐,?,못,된,인간,같으니,...
이렇게,감싸고,숨기,려는,이유,가,뭔가,?,윤미향,집안,조,사하,면,함께,해먹,은,게,들통,이라도,난다는,것,인가,.,명명백백,밝힐,것,은,밝히고,",",자를,것,은,자르고,가야,하지,않나,.,광주,한번,안,가보,고,5.18,유공,자가,되었다,면서,실실,웃던,이해찬,",",평생,남,의,돈,으로,협찬,인생,에,구리,게,살아온,것,이,이제,들통,날까봐,그렇게,도,무서운가,.,이렇게,무대,뽀,로,시간,끌기,하면,바보,같은,국민,들이,또,넘어갈테니,..?,이해찬,",",선,천적,인,장애인,은,의지,가,약하다고,말,했지,.,당신,또한,선,천적,으로,기,초적,인,도덕,심은,아예,없이,태어났,는가,?,반성,이란,걸,해본,적은,있나,.
윤미향,.,버티기,들어갔구만
지,들은,로,멘스,구만
미,향,이,가,얼마,줬는데,?,골차,나,?
니,들,이,공천,잘못,했음,인정,하고,책임,을,져야지,.,이,게,당,대표,가,할,소리,냐,?
갈등,의,골,을,더,깊게,만드시는군요,~,국민,들이,바보,로,보입,니까,?
사사,롬다네,요,정부,에서,한마디,로,위안부,건,국민,이건,자기,들,한테,덤,비지,마라,?,늙으면,사람,이,되는줄,알았,더니,90,먹은,이,땅,의,피해자,를,저렇게,이용,하고,버리네,그,래서,니,들,이,안된다는거야
감쌀,걸,감싸라,~,당,대표,라는,사람,이,해도,해도,너,무하,네,!!,이해찬,당신,도,사퇴,하시요,~
신상털기,전문,정당,이,니,들이잖어,~!!
이,영감,은,나이,를,먹,어도,곱,게,먹,여야,지,윤미향,사건,이,사사,로운,일,이라고,...,이,영감,아,21,대,국회의원,177,석,차지,했다고,눈,에,보이,는,것,이,없냐
민주당,늙은,이해찬,이,뇌,가,썩어,가고,있는것,같다,자성,이,필,요하,다,여기,서,자성,이,왜,나,오냐,~~
이전,야당,시절,박대,톰령,관련,인사,들,죄,들,추어,낼때,신상털기,식,으로,죄을,들,추어,죄을,준것에,대해,아주,잘,했다고,생각,했는대,",",지금,에,와서,자기,쪽,사람,들은,신상털기,식,죄을,들,추어,나오는것에,대해,서,부,정적,이면,이,것,야,말로,내,로,남,불의,극치,가,아,닌지,제발,진보,보수,따,지지,말고,죄,를,짓으면,벌,을,받,아야,한다는,사실,을,인지,해,주세요,특히,정치,",",정부,요,직,에,계,신분,들은,타의,모범,이,되어야,할,분,들입니다,.
국민,이,70%,가,윤미향,사퇴,를,원합니다,.,국민,이,개,돼지,로,보입,니까,?,국회,가,국민,위,에,있,습,니까,?,한심합니다,이런,분,이,당,대표,라니,이해찬,시,퇴,하세요,국민,의,마음,작게,이용수,할머니,를,마음,을,읽지,못,하는,당,대표,사퇴,하세요
해찬,나,으리,아닌,건아,닌,거여,내,식구,도죄,를,지었으면,벌,하고,다신,그러지말라,고가,르쳐야,지,배울,만큼,배운,사람,이,먼,짓,이여,너무,오래,해서,판단,이,흐려지셨나,이,젠,젊은,사람,한테,맡,기고,산,에가,삽시다
신상털기,는,누가,부추,겨,서,한,것입,니까,?,가만,있,어도,역사,의,산,증인,께서,알려주는거잖아요,..,이해찬,의원님,..,정신,을,똑바로,차,리세,요,..,이용수,할머니,보다,당신,이,치매,이신,거,같네요,..,당신,스스로,도,물러,나야,할,시간,을,제대로,아시,길,바랍니다,.,민주주의,의,대표,라,자칭,하는,민주당,에게,그,시대,같이,함께,했던,한,사람,으로,정말,실망,입니다,.,이제,그만,자리,를,물려,주고,바,라보,는,입장,으로,돌,아가시,길,부탁,드립,니,다,.,능구렁이,들이,또아리,틀,고,앉아서,자라,나,는,새싹,들을,더,는,괴롭히지,마시고,물러나세요,..,아름,답,게,..
ㅋㅋㅋ,본인,은,입쳐닥고있,고,의혹,은,커,지는,데,누구,보고,자성,하라,는,거야,도대체,정치인,들이,저지,경이,니,어쩌,냐
또,진영,논리,정신,차리,쇼,그냥,사실,만,밝히면,되는,겁니다,당신,이,진영,논리,로,편,들기,안,하면,되는,겁니다아,진짜,정의,가,없,어요
빈,해골,로,뮐,하시려나,?
당,대표,라는,분,이,하시는,말씀,이,너,무하,시,네,성숙,한,민주주의,?,나,참,....
이해찬,그만,사퇴,하라,미친,.
이해찬,이,늙었다,~~,기뵨,상식,이,안통,하,는,노망,은,정치,그,만해,야,민주당,젊은,사람,들은,좀,들고,일어,나라,~~.
엥,?,신상털기,요,?,뭔가,떳떳,하고,억울,하면,입장,표명,하세,요한,개도,안하,면서,~
오늘,망언,을,지껄였는데,포털사이트,에,검색어,는,아예,오르,지도,않았네,이,거만,봐도,정부,가,장악,했,는걸,알수,있다,진짜,기,가,찬다,당대,표란,인간,이
내,머리,가,미칠라,한다이,정부,도대체,뭐,냐,???~~~
이,영감,탱,이도,돈,을,좀,쳐,드셨나,보다,....,긍,께,태도,가,이렇게,나,오지,찔리는게,있으니,...,ㅉㅉ
이,노인,네,가,총기,가,흐려,지다,못,해,노망,이,났네,.
이해찬,이,말,한,국민,의,자성,이,필요,하단,말,은,정말,어의,없는,소리,아닌가,.,왜,이,상황,에,국민,을,파,는가,.,정신,줄,놓은,거,야,.
만주,당,다,그렇지야,않,지만,많은,놈,들,이,어거지,고,똑캍,은,도독,놈,파렴치,한,일세
이,양반,뭐,좀,받았나,?,초선,때,봉천동,인가,에서,저,소득,층,측,에,앞장,선다고,나서,더니,임기,마칠,땐,건물,소유,했다는,소문,이,있,던데,....,아니,겠죠,아니,길,바,래,요,암튼,정치,한,다는,분들,도둑질,하지,마쇼,호랑이,는,가죽,을,사람,은,이름,을,남긴다,했소
이해찬,대표,님,말씀,좀,생각,하시,면서,하세요,잘못,한,건,잘못,한,거지,요,빨리,들,사퇴,들,하세,요양,정숙,윤미향,우리,여당,욕먹,이지,말고,빨,리사,퇴,하시요,그런,정신,가지,고,무슨,국회의원,하신다고,합,니까,챙,피하,게,사퇴,해
윤미향,이,가,이해찬,이하고,돈,을,같이,먹었,구나,?,그러니,저런,말을하지
이해찬,사퇴,하라,!!!~~~~
정녕,국민,을,우습게,여기,시나,요,?,망언,그,자체,입니다,.
토착,왜구,찾으,면서,사케,처,먹고,다니는,사람,입,에서,할,소리,는,아닌것,같은데,?,왜,?,윤,모,에게,사케,얻어,먹었나,?
위인,부,시킨,일본,놈,이나,앵벌이,시킨,윤미향,이나,똑같다,.,그러므로,윤미향,은,친일,보다,더한,일본,년,이고,",",그런,년,을,편,드는,골찬,도,일본,놈,이다,.,몰,아내,자,유사,일본,놈년,을,!!
당,을,떠나,자,잘못,을,따,지는,경우,인데,굴복,이란,단어,가,참,어이,없다,!!!,비리,가,그렇게,많고만,조국,처럼,감싸는,이유,는,국민,을,개,돼지,로,보기,때문,이다,!!,기부,금,어디,다,썼,나나,밝혀라,!!!
국민,70%,",",민주당,소속,50%,가,윤미향,사퇴,하라,는,데,이해찬,할아버지,와,일부,도,라이,들이,윤미향,감싸기에,버티고,잇는,현실,에,분노,한,다,.,국민,들,무시,하는,정권,곧,무너,지리,라,.,감쌀,걸,감싸야지,.,문재인,은,뭐,하나요,??,.,회계부정,엄벌,하세요,.,최민희,",",김어준,이,땅,을,떠,나시,오,.
얼마,씩,나누어,먹었기에,저리,날리,일까,?
52년,생,아직,노망,날,나이,는,아닌데,어쩌다
구린데가,없으면,명확,하게,드러나는,죄,를,명,들,을,투명,하게,밝혀서,죄값,을,받게,해야지,당대,표란,자가,왜,정치,적,으로,감싸기를,하는지,정말,의,구심,이,듭니,다
이런,사람,이,여당,대표,라는,게,우리나라,국회의원,수준,을,느끼며,깊은,자성,을,~~~
이,따위,로,입,털,면서,니,들,이,반일,을,말,하냐,??
제발,공,천시,에,횡령,배임,탈세,등,조사,하고,하그,라,.,사람,이,죄,를,짓지,",",죄,가,죄,를,짓,나,.
욕,이,안나,올,래야,안나,올,수가,없네,!,드,루킹,에서,손,혜원,조국,.,울산,시장,선거,음모,에서,윤미향,까지,!!!...,오리발,!!!,민주당,의,말로,가,어디,냐,?!!!
이해찬,돈거,냐,?,이용수,할머니,가,윤미향,신상,에,대한,의혹,제기,했나,?,사안,에,얽힌,당사자,로서,제기,한,정당,한,의혹,에,대해,",",단,한마디,도,합리,적,인,답변,을,못,내놨으니,언론,이,파고,들지,",",아무,이유,도,없이,신상,을,털었나,?,거의,괘변,에,가,까운,걸,논평,으로,내면,서,10년,전을,떠올리고,경계,해,?,개뿔,이다,.,제발,사라,져라,좀,.,망령,같으니,.
으,따,왜,우,덜,갖고,그랴,우,덜은,죄,가,없,당,께
177,석,의,거대,여당,대표,의,입,에서,할,소리,냐,.,보편,적,인,국민,의,상식,은,수많은,의혹,이,불거졌는데,당사자,는,두문불출,하고,있어니,당,당하,다,면,숨지,말고,까,라는,건데,",",공당,의,대표,면,자당,소속,이니,신속,하게,진실,규명,하라,고,해야되,지,무분별,한,의혹,생산,이라고,실드,치,나,.
이해찬,네,편,은,무조건,옳,다그,래서,.,더불,어망,한당,이,.,된다
그,어느,때,보다,사실,에,입각,해서,의혹,제기,중인,데,",,",진짜,70,넘,어가,면,정치,그,만하,자,",",노망,이야
OOO,OOO
이해찬,늙으면,상황,판단,이,느려진다,는걸,잘,보,여주,는,예,다,.,운전면허증,은,반납,했냐,?
여이,좌빨,ㄱ,ㅐ,새야,ㅡ,니,가,나이,가,들어,대갈,이,가,썩은듯,하,구나,ㅡ,퀘퀘,묵은,사건,은,제조,명,ㅈ,ㅣ,랄,왼,병,하,며,정작,범죄,는,졳국,이나,다름없,구나,ㅡ
이,아는,해골,이,되,가지,고,갈,때,가,됐네,햐미,가,ㄷ,#,##나
저,이해찬,개,호로,새끼,에,주둥아리,를,찢어,버리고,싶다
이,것,이,정,상적,인,의식,을,소유,한,",",그것,도,집권,여당,대표,의,지론,이라,면,이런,종자,들을,뽑아,준,소위,국민,이란,사람,들은,어떤,사고,로,이번,사태,를,대,할,것,인지,묻고,싶다,.,제,정신,갖고,있는,자였다면,어찌,공인,된,자로,서,인간,말종,들,도,피해,나,갈,소리,를,거침,없이,할,수,있을까,?,토악질,이,나와서,참을,수가,없다,.,이,것,이,정의,롭고,공정,하다는,당신,네,나라,의,참,모습,인가,?,그렀다면,난,기꺼이,그,시궁창,속,에서,벗어날,것,이다,.
영감,탱,이야,너,가,사람,이고,당대,표,맞냐,상황,봐가며,편,들어야지,니,가,하는,일,이야,말로,니,들,이,말,하는,빨갱이,짓,아니,냐,누가,보아,도,아닌,걸,맞다고,하는,너,하나,때문,에라도,민주당,것,들,은,다신,안,뽑을란다
이,놈,도,이제,미,ㅊ,구나,??,ㅉㅉ,개,한심하다
이,게,무슨,신상털기,냐,ᆢ,도둑질,밝히는,거지,제발,정신,좀,차,리세,요
너,도,사퇴,해,라
쓰레기,해골
이양,반,정신,없는,양반,이네,.,아직,뭐,가,똥,이고,된장,인지도,모르는,사람,이,대한민국,의,여당,대표,라니,...,걍,이낙연,같이,조,용이,나,있던가,.,180,석,이나,얻었다고,좋,아하,지,마시고,어깨,에,힘,도,빼,시라,.,표,수로,는,거의,반,반,이다,.,근데,여당,은,30~40%,가,중도,표지,만,보수,는,거의,100%,임,을,잊지마,시라,.,당대,표,말,한마디,로,확,무너질,수도,있,음,을,알,고,할머니,들이,말씀,하시는,팩트,와,상식,적,으로,회계,정리,를,개판,으로,해놓고,...,걱정,되는건,윤미향,검찰,에서,조,사하,면,또,윤총창,을,법무부,장관,이라는,자,와,극진,보단,체,들,이,들들,볶을까,걱저,이다,.,여하튼,이상,한,나라,가,.
그러니까,제발,본질,에,집중,해달,라고,요,!,잘못,된,일,에,대해,서,는,모르는,척,입다,물,고,",",엉뚱한,친일,프레임,",",신상털기,운운,따위,로,관심,돌려,무마,하려는,당,신들,의,딴,청,이,분노,를,일으킨다,고요
양로원,가,서,치매,치료,받어라,영양,결핍,인거,같어,.,개소,리하,는,거,보,니까,.,닝겔,도,맞고,좀,쉬어라
책임,질,사람,책임,져,라고,하구만
그,나이,됐으면,",...",그냥,사라,져라,!!!
조중동,기레,기와,왜구,핑크,당,이,짖,고개,검,이,압색,기소,하고,또,다시,조중동,기레,기와,왜구,핑크,당,이,정치,선동,하는,작전,이다,.
늙,어빠,진,꼰,대,새기가,대표,하니,까,민주당,이,민주주의,랑,멀어,지는,구나
정치인,들,내,로남불,아주,역겁,다
ㅋㅋ,이,게,문재인,식,정의,몰랐나요,?,ㅋㅋㅋㅋ
진짜,민주당,은,조국,.,정경,심,부터,응,대하,는,것,이,답,이,없다,국민,들을,우롱,하나,감싸기가,먼저,가,아니,라,진실,규명,부터,먼저,하라
해찬,아,관,뚜껑,덮을,때,가,머,지,않았어,치매,중증,이냐
민주당,잡것,들,표,떨어,지는,소리,들,린다,.,계속,쉴드,치고,보호,하,셈,.,어,용단,체,나부랭이,들,이랑,쏴,악,쓸려,다음,총선,땐,니,들,열,몇,석,이나,될랑,가,.,분위기,파악,못,하면,정계,은퇴,해,야지
해찬,아,니,입,이나,털지마
나라,온통,시끄럽게,만들고,이,년,은,숨,어서,도대체,뭐,하냐,??
우리나라,정치,는,한번,정계,에,몸,담으면,평생,먹,고살,라고,한다,적당,히,를,몰라
뽑아,준,국민,의,탓,이다,담,에,정말,국민,들,투표,잘해야,...,표,로,진실,을,밝히자,.
적,폐가,여기,있네,.
한,과목,만,잘,하면,됩니다
윤미향,불체포특권,누리,면서,탈탈,털리고,......,민주당,총,알받이,좀,하,다가,찌그러지실듯,.
하긴,너,가,더,도적,놈,이니,누굴,탓,하겠냐,ㅡ,니,가,왜,광주,5,",",18,유,공자,냐,ㅠ,진보,놈,들,특징,걸리면,오리발,떼거지,로,반발,ㅠ,절대,잘못,인정,안함,대부분,다,도적,놈,들,이니,누굴,탓,하겠냐,ㅠ,국민,들이,개,ㆍ,돼지,일,뿐,이다,ㅠ
저,는,5.18,유공,자인,데,80년,당시,민주화,운동,때,에는,광주,가,어디,인지도,몰랏,어요,ㅋㅋㅋㅋ
정말,민주주의,가,뭔,지,정의,가,사회,질서,가,뭔,지,를,아는,상식,적,인,사람,이,민주당,에,들어와,야한다,.,운동권,에나,시민단체,서,맹목,적,체제,부정,에,익숙,해,있던,인물,들이,음해,니,신상털기,의혹,제기,니,사실,에,기반,한,불법,한,내용,은,사실,인지,를,먼저,밝히자는,게,상식,적,인,것,이다,.,불법,인지,범법,인지,탈,법인,지,우리,편이,저질렀으면,그걸,지,적하,면,음해,?,의혹,제기,?,아무,리,정치인,이,속,물이,라지,만,좌파,는,인간,쓰레기,라는,소리,가,안나,왔으면,한다,.
귀신,은,뭐,하나,몰라,저런,새끼,안,잡,아가,고
이,참에,윤미향,한테,위안부,앵벌이,피땀,나눠,먹은,애,들,다,나와라,....
이영,감,치매,걸렸냐,?,막,씨,부리,네
할머니,정신,이,이상하,다,고,험담,하,더니,이제,진짜,정신,줄,을,놓은,사람,이,누군지,확실,히,알겠,되었다,.
드디어,실성,했군
미친,..,같은,패거리,라고,감싸주는거,봐라,.
없는,걸,있다,한,네,놈,들,은,있,는걸,30년,만에,있다하는,국민,에게,참으로,무엄한,말,을,하는,구나,.
윤미향,에게,등,돌렸,다가,윤미향,이,같이,죽,자고,더,큰거,폭로,하면,곤란,하잖아,~~~
180,석,이,되,니까,눈,에,뵈는게,없나,보다,.,저런,식이,면,독재,정권,이,들,어서,겠다,.,뭐,든,지,들이,한,일,은,괜찮단다,.
이,하늘아래,저런,인간,들이,존재,한,다는게
남,의,불행,한,인생,을,가지,고,앵벌이,나,하는,인사,들의,집합소,인,당,은,반성,은,커녕,피해자,를,토착,왜구,로,몰,아가,는,어처구니,없는,세상,.,그런데,그,당,에는,조선총독부,충추,원,참의,손자,보급,대,식량,수탈,에,앞장,선,이의,자제,들이,당,의,주요,인사,로,포진,하고,있는데,토착,왜구,타령,코메디,가,따로,없다
당신,도,고만,내려와
이해찬,당신,이,야말로,대한민국,의,최고,악,이란,생각,이,드네,요
똘,아이,자식,...,나이,쳐,먹고,보이,는,게,없다는거냐,?
아무,리,좌빨,식,말장난,해,봐야,달라,지는,건,없다,.,해명,못,하는,윤미향,은,.
ㅋㅋㅋㅋㅋㅋ,웃긴다
신상털기,와,팩트,로,입증,된,범죄,혐의,도,구별,못,하는,멍충,이,가,대한민국,여당,당대,표,였으니,나라,가,이,모양,이군,요
______,애국심,과,할머니,들을,이용,한,30년,간,착취,한,정도,의,비리,는,내,주변,에선,흔,한일,이니,대충,넘어갈,정도,의,일,이라고,생,각하,는,듯
다른,것,필,요업,고,",",윤미향,으로,모금,한,통장,사본,과,다시,정,의연,에,입금,한,통장,사본,을,인터넷,에,공시,하라,.,안성,주택,사고,팔,때,의,등기부,등본,전체,와,통장,관련,된,내용,을,인터넷,에,공시,하라,.,이해찬,!,이렇게,요구,하는,것,이,친일,이,냐,?,이렇게,요구,하는,것,이,배후,가,있,어서,냐,?,제대로,걷,어서,모두,정,의연,에,주었는지,",",정,의연,이,돈,집행,한,것,이,사단법인,의,목적,에,맞는지,보자는,것,이다,.
욕심,이,많으셔서,6,갑,도,혼자,다,떨,려고,하시는거,같은데,..,연세,많은,어르신,모두,를,비방,할,생각,은,전혀,없,지만,국회의원,어지간히,나이,가,있으시면,하지,못,하게,해,야합,니,다,...,이분,발언,하는거,보,니까,나이,탓,인지,사리,분간,이나,분별,하,는걸,아예,하지,못,하시네,..,그냥,가만히,만,계세,요,뭐라,안,할테니,..
코로나,에,걸려,뒤져라,이,자식,아
이,게,지금,굴복,이고,아니,고가,문제,인가,어쩜,민주당,대표,라는,게,쓰,빌,뭐,구린게,있나,굴복,하,면안,된,다라,는,말,이,이,사건,과,어울,린다,고,보는거야,비리,를,저질렀으니,조,사하,는,건데,177,석,얻었다고,끝,가지,게기,라는,건데,국민,을,견,으로,보고,있다는,방증,빙,다,구,통,합당,아,너희,들,때문,에,저,것,들,이,177,석,되어,저리,헤갈,을,하는것,이다,이,뇌,가,없는,것,들,아
굳세어라,이해찬,",",버,티어,라,윤미향,.,조국,사랑,문,통,이,뒤,에,있다,.,대,깨문이,보살,핀다
의혹,을,빨리,규명,안,하면,더,큰,화,를,부를거다,!,이,문제,가,심각,한,건,위안부,할머니,들과,관련,있기,때문,에,더,공,분,을사,는,거,다,나눔,의,집도,!
무슨,신상털기,냐,?,정,의연,의,운영,방식,이,회계,가,투명,하지,못,했고,마치,개인,비즈니스,처럼,운영,되었다는,것,인데,.,뭐,가,문제,인지,구분,이,안되냐,?
여보,세요,나이,는,고무신,으로,쳐,드셨나요,할머니,정신,이상,으로,몰고,기부,금,성금,해쳐,먹은,윤미향,뇬입니,다,사과,는,못,할,망정,이런,뇬,감싸고,도,는,당신,이,지금,제정,신입,니까,정신,이상자,들은,윤미향,이런,뇬,감싸고,도,는,당신,과,민주당,입니다
더듬이,당,답,게,윤미향,도둑,년,국회,입성,시켜서,옆,에,앉혀놓고,많이,더듬어줘,~~
왜,구들,의,신상털기,식,의혹,제기,에,절대로,굴복,해서,는,안,된다,.
이,것,도,미,향,이,한테,돈좀,받았구만
굴복,이라는,단어,사용,하는것,봐라,.,정의,는,간데,없고,세,대결,로,가는,구나,.,이,게,나라,냐,?
개,ㅈ,새,ㅈ,끼,가,지,밥그릇,뺏길까봐,안달,복달,나서,개,소리,를,뱉고있는,상황
윤미향,당선자,님,힘,내세,요,앞,으로,대구,경북,은,가지,마세요,거기,는,제외,필요,하구요,지역별,로,피해자,들을,도와주세요
노망,났네,!!,에,휴,...,노무현,대통령,님,은,안,그랬을,텐,데이,것,들,사리사,욕,으로,!!
대처,가,ㅈㄱ,사건,보다,더합니다,.
이해찬,씨,가,민주당,치,지도,상당,부분,다,갉아,먹는듯,합니다,.,왜,이렇게,상황,판단,이,잘,안되는,사람,이,민주당,대표,로,계속,있는거죠,?
역시,너,답,다,근데,어찌,갈수록,못,된,해골,이,되가냐
니,가,민주주의,발전,에,저해,가,된다
저,게,당,대표,가,할,말,이냐,~~~,민주당,도,이,젠,끝,인가,보다,.,이해찬,하루,빨리,당,대표,에서,쫒,아내,라,~~~
이,게,나라,냐
해찬,이,두,눈,똑바로,안,뜨냐,?,정신,안,차려,?,이,게,윤씨,문제,만이,아,니야,!,민주당,전체,늘,오염,시키는,일,이다,.
뒤,가,어마,어마,하게,구린,가보,네,;;;
잘,했다,.,그렇게,망하는,법,이다,.
빨리,내려,오시,오,얼굴,보기,도,싫소,봐주는것도,어느,정도,지,당,",",신,편,가르기,선수,네,열린,교육,하라,면서,한가지,만,잘,하라,고,했잖소,당시,이,88년,생들이,피해,본거,보,상하,시오,책임,지고,교육,에,교자,도,모르는,주제,에,~~
개개,개보,다,몾한놈,아,보면,모르냐,사고,로,콱,뒈저버려,라
그럼,도둑질,한,거,그냥,두,자는거냐,?
정,의연,에,꾸즌히,기부,했었는데,!,이,젠,그,만해,야,겠네요,!,믿을,놈,이,없네요,!
신상털기,?,정신,나,갔냐,?,상황,파악,이,안되니,?,감쌀껄,감싸라,~,니,들,그러는거,진짜,짜증,난,다,ㅠㅠ,쫌,제대로,보고,판단,해,라,똥꼬,집,부,리지,말고,~,할머니,들로,장사,한,거,잖아,~,기,부금,으로,집,여러,채,사고,~,딱,봄,모르겠니,?,진짜,화난,다
시바,죽,을,날,얼마,안남,았,나,?,의,호규,밝히,는걸,왜케,무서워,하니,?
이,해골,아,저,는,정치,상관,업고,정치,도,몰라,딱,한가지,고,인물,도,썩은다,윤사,기,윤,횡령,윤,배임,세금,보조금,등,관,한,맛,토론,하자,감싸것,감,샤라,177,석,하니,눈,에,배인것,업냐,1~2,130,석,으로,댄다,해골,아
부정선거,밝혀서,이정,부,없애야,한다
간사,한,사람,이네,.,누가,30년,활동,을,폄훼했,나,?,불법,과,범죄,행위,를,밝히,라는,것,이지,.,표정,이,매우,안,좋다,.
거리,로나,가,자
더,불어,민주당,도,폭망,이다,.,국민,의,정서,를,깔아,뭉게,는,당,대표,를,보면,100%,폭망,이다,.
김정은,이,가,미국,에,굴복,하지,안,듯이,빨갱이,질도,국민,들의,채찍,질,에,굴복,하지,말자는,것,인가,?
이런,해골,이,원조,토착,왜구,다,.,무지랭이,좌파,들아
이,놈,이,",",공천,을,어거지,로,밀,고가,더니,",",결국,지놈,이,굴복,하기,싫다는것이겠지,...,생긴,대로,논다는데,이,놈,과,그,년,이,딱,어울리는말,이구,만,...
역시,",,,,",이해찬,",,,,",실망,을,안,시키네,",,,,,",오래,살아라,!!!!!!!,ㅋㅋ
진짜,혐오,스럽다,.,이런,자가,여당,두목,이라니,.,진짜,혐오,스럽고,역겹다,.
이해찬,이,518,유,공자,이고,",",그,가족,들,까지,혜택,받는,특권,층,이,라면,믿,겨,지나,요,?
신상털기,??,신상털기,가,뭔가,?,이해찬,이,는,정의,와,불의,를,구별,할수,없는,인간,인가,.
저,게,대표,여,?,ㅅㅂ,저,새,기,가,대표,면,개,나,소나,다,대표,하,것,네,에,라이,디져라
니,가,먼데,국민,을,가르치,고국,민위,에,군림,하려,하나,.,니,가,그레,잘났나,",",윤미향,이,가,니,하고,무슨,관계,인지,할머니,를,OOO,만드,나,?
민주당,주요,인물,들의,정치자금,핵심,루트,가,이런,사회,단체,들,운동권,조직,들이,아니,었,나,생각,이,든다,.,주사파,좌파,들이,이런,단체,들,악용,했다는,것,이,확신,으로,바뀌고,있는,시점,이다,.
니,들,은,그,래서,안,돼,.,180,석,거대,야당,이,되었으나,...,하는,면모,는,찌질,이,수준,이니,....,쫌,!!!,잘,해봐라,!!!
드디어,노망,인가,?
이해찬,대표,는,더,불어,민주당,대표,인지,?,아니,면,윤,미현,의,대변인,지,햇,갈,린다,.,아니,현재,불,거지,고,있고,검찰,에서도,조사,중인,사안,을,개인,의,사사,로운,사안,이니,거론,하는,자체,가,옳지,않다고,?,운,미현,이,한,개인,의,사안,으로,야기,된,사안,이라고,?,그녀,는,하나,의,민간인,사회,단체,장,으로,활동,한,공인,이고,현,집권,당인,민주당,과도,한괘,를,같,이하,였기에,21,대,민주당,의,비례대표,라는,엄청,난,특권,을,누리,고,당선,까지,한,공인,이고,공천,한,민주당,에게도,책임,이,있다고,본다,.,이,잰,이,대표,도,이쯤,에서,더,이상,운,미,향,의,대변인,아니,집권,당,의,대표,직,에서,물러날,때,가,되지,않었나,쉽다,.
추하,다,!,예전,청문회,때,참신,함,은,어디가,고,....,이제,그만,정치,를,관,둬야,할,때,가,된듯,하네
그렇게,말,하,는걸,보니,윤미향,이,해,먹은것에,대해,뭘,좀,아는듯,한,데,....,나,한테,도,얘기,좀,해,보시,지,??
제발,정신,좀,차,리세,요,.,윤미향,하고,민주당,하고,혹시,뭔가,더러,운,커넥션,이,있기,라도,한,가요,?
윤미향,방어,해주,는,이간,들도,같이,조사,받아,봤으면,한다,옛,말,에,초록,은,뭐,다
이해찬,정의,는,없고,그저,자기,당,만,챙기디,위함,이지,피해,할머니,생각,은,조금,도,없는듯,반일,운동,아직,도,으,려,먹고싶,남,?
해찬,아,무덤,에,그냥,들어,가라,세금,너,한테,쓰는거,정말,아깝다
이,놈,의,패거리,는,자기,네,편,역성,만,드니,보기,만해,도,토,가,나온다,.,역성,들,걸,들어라,이,놈,들,아,!!!
관상,은,과학,이,맞음,.,윤미향,관련,편,드는,것,들,면상,을,보면
이해찬,씨,!,속,통터,지는,소리,하고,앉았네,당신,이나,사실,을,근거,로,제대로,들여다,보라,고,!,왜정,치,적,으로,풀,어가,려,하는거야,!,부도덕,한,제,식구,감싸기가,너,무심,해역,겹,다,37억,",",기타,기부,금,",",성금,",",단체,기금,등,누락,되고,축소,되고,없,어진,것,을,보,고도,당신,은,그런,소,릴,하는게,음흉,한,속,내가있을,법,한,데,그게,무엇,이,냐,?,일잘,하라,고,뽑아,준,국회의원,들을거,느리고,뒷구멍,흐려,터,진여,자가,30년,을,봉사,한,들,그게,뭐,대수,라고,뇌,없는,소리,하,면서,국민,을,분노,케,하느냐,?,할머니,께서,들어실까,가슴,아,프,다,책임,이,있는,여당,으,로서,양심,이라곤,단,1,도,없군,할머니,호소,중,위안부,문제해결,방안,까지,말씀,하셨다,이런,일도,제대로,못,하,면서,사람,답,게,사람,을,보아,야,지,이념,으로,보려,하니,뭐,가보,이,겠나,민주당
이해찬,마음,을,곱,게,쓰고,곱,게,늙어,가거라,.,너,의,얼굴,을,보,니까,.,아주,추하,게,늙어,가는,구나,.
ㅋㅋ,대,때문,클래스,1,),돈,헤처,먹,어도,2,),착취,해도,3,),할머니,피,빨아도,4,),부동산,투기,해도,..,지,편이,면,오케이,...,ㅎㅎ,대,때문,들,참,개,피그,쌍,**,같다
대책,없는,사람,이네,.
이해찬,은,들러니,...,1,),아무,말,도,안시,부리,는,문재인,은,뭐,지,2,),여성,단체,는,뭐,지,3,),그러,면서,할머니,에,개,쌍욕,하,고윤미,향,사랑,해,요,외치,는,쓰,렉,대,깨문,....,와우,....,ㅎㅎ
왜,이,들,은,한결,같이,할머니,나,의혹,을,제기,한,사람,들,탓,만,할까,?,ᆢ,원인,제,공자,에게,억울,하면,답변,하라,해,라,ᆢ,똥,을,덮어,놓는다고,해결,되겠니,?
이,게,.,사사,로운,일,이라고,이해찬,씨,만약,다른,당,이면,요렇게,말,할까,아니,연세,많은,분들,이라고,무시,한,모습,사퇴,가,당,연하,다,할머니,들,이용마,시오
전형,적,인,내,로남불,오른쪽,정권,일,땐,국민,들,알권리,라면,서,신상,이,뭐,야,과거,행적,까고,가족,사돈,에,팔,촌,까지,방송국,에,특집,까지,해,가면,서,파,대던것,들이,우리,쪽,이,정권,잡고,있는데,폭로,터,지니,신상털기,안된다,???,ㅋㅋㅋ,어이,요,~,아저씨,아저씨,들이,하던,대로,털면요,그,사람,쇠고랑,찹니다,",",북한,중국,다,되,어가,네,진짜,ㅋㅋㅋ
부정,에,항의,하는게,극우,야,???,이해찬,그,래서,광주,도,안,가고,민주화,운동,했다고,5.18,유공,자가,됬어,??,너,따위,가,유,공자,를,하고,있으,니까,공적,조서,",",명단,보자는거야,.,정의,없이,민주주의,가,되냐,???
얌마,!!,스킬,레톤,굴복,??,이런,표현,이,나오니,?,굴복,?,국민,들이,준엄,하게,문제,를,지,적하,는,데,국복,하,면,안된다,?,국민,이,적,이야,?,너,어느,나라,사람,이,냐,?.............,사실관계,?,니,들,이,몰랐다고,?,장난,하나,..,다,알,고도,눈,감고,나눠,먹은,거,자,나,..,시민단체,발판,삼아,할머니,들,빨,대질,하듯,각종,세금,받아,먹고,",",기부,금,빼,돌리고,..,배,두,들,기,며,키키,키,~,시민단체,는,이,맛,이지,~,이럼서,정치,질,해먹,은,거,자,나,?,그치,?,이번,건,은,너무,빨다,걸린거고,...,스킬,레토,어른,임,어른,답,게,인정이,란걸,좀,해봐라,..,가증,스럽다
돌았네,진짜,좌빨,수구,꼴통,들,두고,보자,.,국민,이,우,습지,?,법위,에,서,려고,짖어,대지,마라,오만,한,새끼,들아,.
이,넘은,그,래서,3,",",1,절,에,업자,와,골프,쳤,구나,",,,,,,,,,,,",에이,나쁜,넘
문,재앙,은,대선,전부,터,시민단체,를,후원,하,면서,자기,의,편,으로,만들기,위해,정치자금,을,써서,밑밥,을,깔았고,전국,200,여개,의,시,민단,체,대표,는,문,재앙,의,호위,무사,를,자처,했다,이듬해,대선,후보,로,올라올,문,재앙,은,시민단체,의,지원,을,약속,하며,표,를,달라,는,부탁,을,하,엿,고,시민단체,는,ㅈ,부정,을,저질러도,문,재앙,은,자신,의,정권,찬탈,을,위해,윤미향,같은,범죄,조직,의,불법,을,눈감,아주,는,일이,다반사,였다,여기,서,윤미향,을,내,쳐내는것은,친위대,를,내,친,는것,인데,그렇게,쳐,내다보면,말년,에,자기,를,보호,해주,는,권력,은,없어,지고,504,호로,직행,할것,이라고,관련,관계자,들이,입,을,모아,동의,하였다,.
너,도,정,의연,에서,받아,쳐,먹었니,?,한,통속,이,아니,라면,이럴,수,는,없음,.
왼쪽,은로,줄스,면,지켜주는,의리,.,진심,대단하네,ㅋㅋ,손,혜원,.,조국,봐라,.,대단하다,대단해,.
나이,처,먹,더니,사리,분별,안되지,?,얼마,받아,처,먹었길래,내,치,지를못하냐,?,죄,를,지었음,벌,받는게,세상,이치,아,닌,가,?,해골,찬,더,이상,추하,게,늙지,말고,은퇴,하던,뒤지던,해,라,그리,고,죄,지은,건,잘못,했다고,인정,해,라,추악,한영,감탱,아
해골,아,518,공적,공개,해,라,해골,518,공적,공개,해,라,해골,518,공적,공개,해,라,해골,518,공적,공개,해,라
민주당,에,더,이상,정의,는,없다,희망,도,없다,..,저,나이,에,저,면상,을,갖게,된건,책임,져라,살모사,눈,진짜,보기,싫다,사람,들이,이해,골,별명,하나,는,기막히게,잘,지어,냈네
이,아저씨,치매,맞는,건가,?,이건,신상털기,가,아니,라,모두,Fact,임,.,그것,도,비리,와,범죄,냄새,가,엄청,나게,구린,~~
이형,님,사케,를,너무,드셔서,알콜,성,치매,가,왔네,...
대단한,놈,이네,~~
공수,처,에서,해골,이,5.18,가짜,유공,자,조사,받아서,지금,까지,공적자금,낼름한것,다,토,하고,구속,되,야한다
너,네,예전,최,순,실,탈탈,털때,기억,안나,니,???,그땐,맞고,지금,은,틀,리다,???,모,국회의원,은,미국,까지,가서,열심,히,털었지,??
ㅋㅋ,진짜,혐오,스럽다
친일,세력,에서,극우,세력,으로,바뀌는,거야,?,이해찬,은,윤미향,과,무슨,관계,일까,?
이,게,신상털기,니,?,암튼,말,을,저,따,구로,해,.
해골,찬,~~,추하,다,~~!!,5,공,청문회,때,노무현,전대통령,후광,만,아니,였,어도,그냥,안방,노친,네로,살,팔자,였는데
그런,말,할거면,그냥,입다,물,고,있어라,뇌,도,썩었나,...
정말,우리나라,산다,는,게,당신,으로,인해,비참,하게,느껴진다,.,공명정대,어디,간거니,?
국민,의견,무시,하면,응당,대가,를,치루,게,될것,!
이사,람,들,이,이제,미쳐가네,...
그렇게,국민,의,혈,세로,처,드시,면서,할,일이,없,구나,!
저,영감,님,좀,제발,....,국회의원,도,정년,제,도입,합시다,.
"""",성숙,한,민주,사회,"""",니,네,들,입,에서,나올,말,이,아니,다,.
저런,자가,당,대표,라니,한심하다,.
오만,이란,게,이런,거구,나,지금껏,야당,이,방해,해서,일못,했다고,그러길래,일,좀,해,보라,고,찍어,줬,더니,돌아오는게,고작,이런,건가,.,무,다음,선거,에는,무조건,견제,표,를,던질꺼다,.
이쯤,되면,윤미향,입,벌리면,여러,모로,나가,리,구만,...
이해찬,씨,이용수,할머니,보다,사리,분별이,안되네요,그,정신,으로,정치,하시면,국민,들이,피해,를,봅니다
저,집단,은,어느,나라,당,이야,해골,아,그러지말구,자진,고백,해,라,빨갱이,라,구,너희,부모,가,그렇게,당해으면,용서,가,되니,썩을,인간,아
너,는,도대체,무슨,해골,을,가졌기에,저리,잘못,을,져지,른,뇬,을,감싸고,도니,시력,없고,능력,없는,사기꾼,들이,불쌍한,할머니,들,앵벌이,시켜,월급,받고,집사,는,게,잘,한거니,이,해골,아,!!!,제발,무지개,나라,로,가라,그게,아님,코로나,나라,에,들,어가,라,제발,좀
한심한,인간,들,..
극우파,들의,아주,치졸,한,어론,플레이,에,휩말릴,필요,가,없다,ᆞ
해찬,아,~~~~,니,눈,에는,이,게,개인,신상털이,냐,?,나이,드셨나,감각,이,떨어,지고,기억,이,쇄퇴하,시나,?,집권,당,대표,가,똥,된장,맛,을,봐야,아니,그래,미,향,이,안고,가라
국민,속,에서,사라,져야,할,사회,악,1,순위,다,.,현실,을,바로,못,보는,좌파,식,논리,다,.
국민,과,맞짱,?,여당,지지자,도,70%,사퇴,찬성,이라고,구라,미터,가,얘,기하,는,데,?
쉬팍,성숙,한,민주,사회,는,니,들,끼리끼리,다,해쳐,먹는게,민주,사회,냐
소위,진보라,자칭,하는,이,들,은,자기,들이,당할,땐,신상털기,강압,수사,라고,규정,지,을까,?,아,진짜,왜,그럴까,?,그리,고,그런,논,조,에,맹종하,는,이,들,은,누구,일까,?,아,진짜,누구,일까,?
해골,찬,니,가,공천,추천,했,구나,.,윤,가,에게,약점,잡혔,구나,.
이럴,줄,알았,지만,막상,기사,로,보니,기,가,차네,ㅎ
저,또,라이,가,맛,이,갔네
이,극혐,개뼉따구,새기는,아직,도,말,도,안되는,궤변,만,늘어놓고,자빠졌네,저런,게,당,대표,라니
인간,이,되길,포기,?~,이,건아,니지,요,사람,이면,부끄러울줄,알,사야지요
이해찬,은,돈,을,얼마나,받아,쳐,먹었냐,?,선거,하면,윤미향,이나,너,같은거,뽑을,사람,없다,.
정,신차,리세,요,매번,이런,식,으로,일,처,리하,면서,장기,집권,은,무슨,나라,망하게하기,프로젝트,도아,니,고,...
내전,으로,끝장,보자,.,종북,빨갱이,들과,국민,들이,서로,전쟁,하자,.,한쪽,이,씨말,를,때,까지,전쟁,하자,.,빨갱이,들,과는,더,이상,같은,하늘아래,에서,못,살겠다
해골,바가지
굴복,이래,..,자기,들,입맛,에,안,맞으면,무조건,적,이고,적폐,로,몰아,붙이,는,추악,한,것,들,!,윤미향,이,가,미래,당,소속,이,었,어도,이따,위,개,소리,를,지껄였을까,?,해찬,아,",",어준,아,",",민희,야,..,니,들,이러다,뒷,감당,을,어떻게,하,려고,그러냐,?
이분,20,대,국회의원,중,상임,위,출석,율,이,꼴찌,라고,하,던데,본인,의,최소한,의,의무,라도,열심,히,하시고,다른,일도,하셨으면,합니다,세금,이,아,까운,국민,입니다
민심,이,심판,해,야,정신,을,차,리지
보기,싫,은사,람,중,에,2,위,1,위,는,문,가
여기,에,뭔가,많은게,있나,보네
미,향,아,!!!,절대로,굴복,하,면안,돼,!!!!,그런데,어쩌나,!!,해골,탈,을,쓴,검은,그림자,가,다,가오,고,있,구나,!!!,아,~~,무섭,구나,~,무서워,.,무서워라,~~~~~~~~~~~~~~~~
이해찬,과,민주당,은,자,신들,이,비,난하,는,토착,왜구,보다,더,나쁜,인간,들,이다,.,꼭,일제강점기,의,밀정,과,유,사하,다,.,겉,으로는,극일,을,외치,면서,뒤,로는,일본,을,이롭게,한다,.
이해찬,너,도,윤미향,한테,받아,먹은거,있나,?,아니,면,딸,인가,?,근거,없는,당,대표,의,행동,?,많이,아프니,?,얼능,퇴장,해서,집,에,가,쉬기,바,래,!,뭐,하러,감기,는,눈,에,힘줘가며,나,오냐,?
삼성,이랑,민경욱,씨,그만,터세,요,국민,은,그렇게,털어,대면,서,감싸주는것,좀,봐,아니,공정,하게,나랏일,을,보세요,부정선거,조사,하고,유니,향,씨,조사,해서,그냥,밝히면,그만,이지,뭘,굴복,햐,뽑아,달랠,때,는,언제,고,뽑아놓으니,무슨,왕,이라도,됐나,봐,국민,알,기를,정말,개돼지,취급,이야,이제,곧,공산당,되니,기쁘세요,?
정치,란,도,댓글,막히게,생겼네,.
서영교,조국,손,혜원,비리,다,감싸,주니,그려,려니,한,다만,이건,뭐,위안부,할머니,등,쳐,먹고,국회의원,까지,욕심,낸,인물,지키는건,머냐,?,논,질의,핵심,은,정의,연,문제,가,아니,라,기부,금,착복,과,할머니,들,처우,의견,묵살,아,니,냐,민주당,서도,김혜연,박용진,김영춘,등,의식,있음,뭐,하냐,이,해골,이나,설훈,김태년,김상희,국회,부의,장,같은,쓰레기,들이,잡고,있는데,..,근데,압승,이라니,정말,슬프다
뭐,가,논점,인,줄,도,모르는,자가,저,자리,에,있는게,현실,ㅠㅠ
파렴치,한,인간,또,한,명,늘었네
정말,비겁,하고,야비,하네요,상대편,에서,이랬음,어땠을까요,ㅋㅋ
늙은이,개꼰대,..,ㅋㅋ,구세대,의,역겨운,발상,이다,..,ㅋㅋ
참,이해찬,도,뭐,꿀리,는데,있나,보네,..,180,석,가져가니,머리,가,180,도로,돌,아가,나,..,탐욕,이,하늘,을,찌른,구나,ㅡ,자기,사람,은,도둑질,해도,다,감싸는,구나,~~,이나라,백성,을,감싸야하지,않나,....,언제,나,그,자리,에,있지,않는,다는,사실,을,잊지,말기,를,..
노망,난,놈,저런,놈,이,당,대표,라니,민좆,당,도,참,한,심,그,자체,다,열린,우리당,처럼,망조,가,보인다,계속,그,리해,라
저,새끼,가,윤미향,이랑,썸씽,이라도,있나,보네,??,의혹,???,의혹,이,눈덩이,인데,굴복,하지,말고,국민,속,이고,국,개,의원,하라,고,옹호,하고,있는,이해찬,저,늙은이,뇌,가리,실화,냐,??,귀신,은,뭐,하냐,저,새끼,안,잡,아가,고,!!!!!,개,어이,없다,진심,!!!!!
반대편,도,그런,입장,을,유지,해주,세요,.,자기,편,만,너그럽게,대하,지,말고,.
무슨,굴복,이,냐,?,사실,로,들어나고,있는데,만약,밝혀,지면,그,즉시,이해찬,은,정계,떠,나라
해찬,이,얼굴,이,안좋네,?,어,디아,파보,임
초심,을,잃은,그냥,늙은,노인,네,.,제발,죽자,.,죽어,.
신,..,발,..,놈,아,..,돈,어디,섰냐고,?..,할머니,안도,와,주고,왜,얼굴,마담,시키고,착복,하냐고,?
이,놈,도,치매,끼,가,있,구나
머리,가,없나,..
더러,운,개,잡종,들아,역겹다,역겨워
난,민주당,좋,아하,는,사람,중,한명인,데요,.,이해찬,대표,님그런,말씀,하시면,.,지금,까지,올려논,지지,률,.,그,썩은말,한마디,에,.,공든탑,이,무너,지고,요,.,민주당,말아먹는,말씀,입니다,.,지,지률,은영,원하,지안,아,요,..,개인,이든,.,공인,이든,.,주둥이,을,조심,하셔야되,요
민주당,은,윤미향,한테,받은게,많은듯,하네요,.
두번째,조국,사태,로,끌,고,가는,구나,이,래서,나라,가,돌,아가,겠냐,그,들,만의,리그,편,가르기,시작,이네
관상,은,똭,일본,순사,인데,ㅉㅉ,이노,무시,키,해,차마,쓰,ㅡ,이런,것,들,이,해방,직후,자기,죄,덮으려,8,괭이,로,갈아,탔지,ᆢ,데칼코마니,정치,박쥐,들
이,해골,은,언제,나,안보,일려나
미,통,당,이,나쁜,짓,하면,친일파,토착,왜구,개,쓰,렉,이,지,들이,나쁜,짓,하면,우리,는,정의,롭당,께,내,편,은,구,린네,진동,해도,정의,롭당,께,니,.,미,뽕,이다
죄,의식,이라고는,없는,사람,이네,요
신상털기,라고,말,한,정의,가,무엇,인가,?,민주당,이,왜,?,이,런가,..
당신,신상,좀,진짜,털고,싶네,.,당신,이,왜,518,유공,자인,지,.,그때,광주,에서,물이,라도,날랐는지,?,광주,분,들,은,화도,안,나나,보네요,.,이,사람,가져가는거,진짜,유,공자,한테,주거,나,나눠서,더,받으시는게,그게,민주주의,아닌,가요,?
윤미향,이,통,합당,이,였,어도,똑같이,말,했을,거지,?
중앙,일보,는,4.15,부정선거,조작,진실,규명,신속,한,집중,적,보도로,역,사적,인,사건,의,진정,한,언론사,가,되길,~~,정부,와,민주당,은,양심선언,하세요,더,이상,국민,들,속,일수,없습니다,우리나라,는,공산,국가,가,될수,없습니다,ᆢ,국민,이,주인,인,민주주의,국가,여야,합니다,ㅜㅜ
계속,감싸고,가거라,......,2년,뒤,다른,세상,을,만나고,싶은가,보구,나,ㅎㅎ
민주당,은,정신차려라,미,통,당,꼴,나는건,순식간,이다,지금,이해찬,이,제정,신인,가,?
대한민국,에서,제일,혐오,스러운,인간,~~~,코로나,도,비,껴가는,저,살기,어린,눈,깔,.
뒷,배,가,이해찬,이,있었,구나,.,어쩐지,빨가이,냄새,가나,더니
에,라이,치매,영감,아,살,면,얼마나,더,산다,고,양심,껏,살아라,신상털기,당할,만하,니까,그런거잖아,나이,값좀해,라,초딩,도,알겠다
OOO,아,개인,돈,이,아니,면,사용,내,역,을,확실,하게,밝히면,되지,이런,놈,들,이,있으,니까,나라,가,엉망,이다,국민,들을,개,돼지,로,본다,민주당,찍은,놈,든,ㄷ,은,다,각성,하라
초록,은동,색,너,를,누가,믿냐
범죄자,를,두둔,하는,여당,대표,가,할,일이,냐
180,석,주니,깐,니,들,이,잘,하는거,같냐,?,그러다,한,방,에,훅,간다,제발,버릴껄,버려,아끼다,똥,된다
그래,요,.,국민,대다수,가,밀어,주니,..,당,신들,은,당,당하,게,밀고,나가,겠죠,.,그,국민,의,몇,센트,는,당,신들,을,지,지하,지,않는다는,걸,ㅠㅠ,..,슬프네요,.
이해찬,대표,님,이번,선거,에서,승리,에,대표,님,리더쉽,으로,승리,하였,슴,을,부,인하,지,않습니다,.,그러나,윤미향,의,경우,는,조국,의경,우,와는,다릅니다,.,조국,이,경우,는,검찰,개혁,을,할,려고,하니,까,검찰,의,압박,이라고,생각,해서,국민,들이,반발,한,겁니다,.,윤미향,은,빨리,털,고가,야합,니,다,.,그,래야,더,큰일,을,할수있습니다,.
완전,히,미쳤군,개,털되,겠지
이건,뭐,상식,밖,의,세상,이네,~
니,편,은,안되고,딴,편,은,무자비,한,신상털기,괜찬코,ㅡ,정말,이,생명체,는,사람,일까,?
?,이해찬,도,뭔가,냄새,가,나는데
망국,적,당파,정치,의,주요,인물,로,역사,는,기록,할,것,이다,.
저런,놈,이,대장,으로,있는,민주당,을,찍어,준,국민,들이,犬豚,이지,.
이해찬,꺼,벙한,해,가지,고,정신,줄,놓았는거는,아니,겠지,제발,나이,값좀해,라,미친,자석,아,30년,좋,아하,네,빨대,꼽,아가,빨기,만하,면,되는거,100년,인들,못,하겠나,제발,민주당,정신,좀,차려,라
조국,",",손,혜원,",",윤미향,공통점,은,?,.........,내,로남불,",",오리발,",",좌팔,","
이쯤,되면,이해찬,개인,생각,이,아니,라,대통령,뜻,아니,냐,?,거참
조국,사태,때,와,똑,같은,태도,로,악질,을,옹호,하는,뻔,뻔한,당,이,바로,더,불어,악질,당,이구,나,.,보수,보다,더,철면피,당,",",180,석,준,나쁜,놈,들,천지,의,나라,.
이사,람,이해력,수준,하곤,..,드러난,사건,사실,만,가지,고도,윤미향,이나,정,의연,이,이상하,지,않단,거,냐,?,대부분,사람,들은,뭔가,불법,스럽고,해처,먹었,단,게,느껴져서,지금,이,난리,인데,.,이런,평범,한,객관,적,사실,조차도,혼자,주관,적,해석,을,하시는데,정치,똑바로,할수있겠냐,?,그냥,물러,나라,부끄러운줄,알,고
내,로남,불의,끝장,판이,다
선거,잘못,했다,..,당했다,...
생긴,꼬,라지,가,딱,간첩,상이,네,",,,"
4.15,총,선후,엔,겸손,하라,고,입,조심,시키,더니,.,이제,제,본색,을,드러내는,구나,.,윤미향,사건,에,굴복,하지마,라고,?,국민,과,싸우는,건가,.,21,대,시작,도,전,에,싹수,가,노오,랗다,.,초선,이수진,은,국립묘지,6.25,유,공자묘,파묘,하라,질,않나,.,대통,죽인,김재규,재심,.,한명숙,재심,.,칼폭,파재,조사,.,동학혁명,까지,.,난국,의,시대,에,나라,살리려는,아무,대책,은,없고,끝,도,없는,과거,사,진상,규명,운운,..,아,정말,.,ㅠ
이제야,이해,가,됐다,이해찬,과,윤미향,이,같이,나누어,먹었다는,사실
🐕,셰,끼들,작당,해서,얼마,를,처,먹은거야,?
윤미향,을,감싸는,해골,이도,이상하,다,.,같이,털,어보,자,.,윤미향,이보,다,더,먼지,가,많다는데,한,표,~~
늙,어서,해골,이,안,돌아갈,정도,면,방,구석,으로,들,어가,시지
1,.,정치인,이,아,니시,군요,.,모든,걸,재판,후,에,결과,에,따라,처리,한,다는,철학,이,시,면,법률가,가,되,시기,그러셨나요,?,2,.,5.18,유공,자시,라는,소문,이,있,던데,",",사실,이,시라,면,어떤,공적,을,세우셨는지,밝혀,보세요,.,그,당시,데모,안,한,사람,있나요,?,5.18,유,공자,에,숟가락,대신,분들,조사,해,보아,야,할,듯,......,윤미향,못,지,않아요,.,3,.,도덕,적,성찰,을,자신,에게,",",자기,편,에게는,관,대하,지,않았나,성찰,해,보세요,.
그럼,사실,이,아니,라는,얘기,냐,이처,죽일,ㅅㅐ,끼,이런,ㅆ,ㄹ,ㄱ,가,집권,당,을,하니,나라,가,통째,로,썩어,나가,는거다
동,의합,니,다,.,윤미향,은,조사,후,결과,에,상응,하는,처분,을,하면,되는,것,입니다,.,더,큰,문제,는,일본,우익,들이,기자회견,을,본,후,이를,빌,미로,정의,연등,위안부,운동,단체,를,해산,하라,고,날,리치,는,현실,입니다,.,이,에,동조,하여,국내,수구,보수,들도,같은,주장,을,쏟,아내,고,있네요,.,이,게,이용수,할머니,가,바,라는,것,일까,요,?
멍멍,이,가,짖네,미친,듯이,짖네,멍멍,이,가,짖네,신상털기,짖네,광견병,걸린,멍멍,아,의혹,제기,그,만해,라,네,짖는,소리,에,아무,도,굴복,않는다
기자,들은,인상,선해,보이,는,사람,들,사진,좀,올려라,.,윤미향,이니,이해,골,등,장하,면,어린,애,들,운다,.
이,샤키,는,내,로남불,원조
서서히,이,당,도,날,이,저,물어,가,는,구나,.,지금,나타,난,상황,만,봐도,뻔한데,.,굴복,이란,단어,까지,쓰네,.,그래,.,잘,한다,.,계속,헛,발질해,라,.
해골,바가지,가,성숙,한,민주,사회,발전,을,계속,방해,하고,있다,.
민주당,의,전신,인,한국,민주당,검색,해,보세요,.,반일,소가,웃겠다,.
해골,찬,새끼,범죄자,뇬,보호,에,혈안,이,됐네
쌍욕,하지,않아도,이런게,막말,아,니,냐,",,,",이대,깨문,들아,",,",막말,해서,미,통,당,안,찍는다며,",,"
내,로남불,오지,내
민주당,인사,들도,다,같이,쳐,먹었으니,감싸고,도,는,거지,.,각종,시민단체,들,다,털어,야한다
이,사람,은,자기,편,은,옳고,다른,모두,는,적,이라고,보는,듯,합니다
어차피,이,대한민국,최악,으로,치닫는다고,해도,경제,몰락,이,거나,대한민국,자산,이,짱깨,화,되,거나,둘,중,하나고,좀,더,최악,이면,",",문재인,이,공산당,체제,로,개헌,하는거고,차라리,전쟁,나,면,북진통일,이라도,하지,.
발악,하네,.,신상털기,는,너희,들,기본,기술,아,닌,가,.,저,종류,의,생명체,들은,잘못,을,했으면,반성,을,하고,벌,을,받,아야,하지,않니,????,다른,반대,세계,의,동물,들의,허물,은,없는것,까지,뒤집어,씌워,OOO,기,처럼,만들,면서,치명,적,인,저,것,들,편형동물,들의,명약관화,한,징그러운,범죄,는,아름,답,게,포장,해대,고,자빠졌네,.,우한,코로나,폐렴,보다,더,추접,하고,추악,한,박테리아,들아,.,제발,.,김정은,을,본받아라,.
저,개,ㆍ,쓰레기,치매,걸렸냐,!!!!
제,정신,인가,?,노망,인가,.,더,불어
세상,에,죄,가,있는,모든,사람,들,에게,고,하노,라,.,열성,민주당,지지자,가,되어라,.,반일,운동,가가,되어라,.,30년,이,지나,면,너,의,모든,죄,가,사해,질,것,이노,라,.
●,이,사악,한,윤,가,뇬,",",뒷,배,가,이,해골,이구나,?,ㅡㅡ,알츠,마이,머,가,무신,돈,이,필요,하디,꼬,",",상납,받아,쳐,묵고,는,힘,으로,비호,하는군,~~~~,하늘,이,다,알것,이다,.,ㅡ,검찰,이,싹,밝혀서,",",빵,보내라,~~~~
돌았나,?,아직,사태,파악,안되지,?
할머니,를,비판,한,거,냐,?,미,향,이를,비판,한,거,냐,?,어쨌든,미,향,이,는,현찰,로,집,을,5,채,샀더라
이분,아직,살,아계,셨,나,?
저,인간,정말,싢다,!!!,옛날,에는,속,마음,을,몰라,진보라,는,미명,아래,공,의,를,부르짖는,줄,알,고,지지,했으나,파면,팔,수록,저,들,의,더러,운,양심,이,조로,남,불보,다,더하는것,같다,.
선거,끝나고,절대,과반,차지,한,여당,의,정치,도덕,적,수준,이,이정,도,네요,!,앞,으로,암울하네요
신상털기,가,아니,고,배임,횡령,사기,착복,공갈,등,극단,적,범죄,야,해찬,아,.
너,만,성숙,하면,다,끝나,~
이해찬,이,자,슥,은,전형,적,인,정치,꾼,개구,라
민주당,지,지하,면,다,무죄,랜다,..,다,들,민주당,지지,하자,.
개,늙었네,얼굴,이,범죄자,처럼,생겼네
국민,한테,도,머리,뻣뻣하게,세우고,머,하니,~,눈,깔아라
이해찬,화이팅,!,끝,까지,버텨라,.,극좌,를,제외,한,우리나라,국민,들이,민주당,의,이중성,에,진저리,를,칠만,큼,끝,까지,버텨라,!!!
당신,들,먼지,나,털어라,남,야,그,하,지,말고,결단,력,이,없네
책임,질,사람,은,검찰,이,밝힐것,이고,밝혀,지면,책임,지면,됩니다,.,아무,말,안,하고,있는,민주당,역시,똑같은,사람,들,이고,가면,쓰고,사는,위선,자,들,이지,요,보수,욕,할것,없,어요,보수,는,미안,한,척,이라도,하지,진보,세력,은,잘못,이,없대,역겹다
상식,선,에,서도,이해,가,안되는데,..,아닌,걸,계속,밀,어부,치고,세뇌,시키니,사람,들이,조국,도,죄,가,없고,저,정도,는,할수,있다로,바뀌는듯,공산주의,가,괜히,무섭겠냐,상식,이,안통,하,는,곳,이,되,어간,다
윤미향,에게,죄,가,있으면,정계,은퇴,한,다고,해,라
우파,는,위안부,를,1,도,동정,하지,않아,(,자발,적,이라는,데,",,,",매춘,한,거,라는,데,할말이,없다,진짜,),지금,이,사태,는,우파,의,모함,이,아,니거,든,!?!?!?,착,각하,지,마라,여당,감쌀,걸,감싸라,!,니,들,도,한,통속,이라고,보,여진,다,.,얼마나,같이,해쳐,먹었는지,몰,라도,정경,유착,도,아,니니,과거,우파,정권,같은,큰,돈,은,아니,겠지,!!,근데,그게,더,문제,임,니,들,이,받은,돈,이,시민,들을,등,쳐,먹은,돈,이라는,거지,최소한,우파,정권,은,기업,들,등,쳐,먹으면,먹었지,시민,들,푼돈,빼,돌리는,짓은안,했다,총대,메고,투쟁,하지,않았다고한,들,위안부,문제,가,묻혔을까,??,그렇게,사소,한일,같,아보,이,냐
대표,님,이번,기회,에,간신,파,적폐,들,버르장머리,를,고쳐주세요
야,!,해찬,씨,!,이,게,의혹,에,불과,하다이거냐,?
사실,에,기반,하지,않았는데,왜,검찰,에서,수사,를,할까,...?
이해찬,너,도,이제,그만,지구,를,떠나거라,걸음,도,못,걷는게,왜,자꾸나,오냐,좌빨,들,조국,부터,해서,그렇게,많은,잘못,을,하,고도,왜,인정,을,하지,않나,진짜,나라,도독,놈,들,이네,대한민국,이부,끄럽다
조사,결과,나오면,알겠죠,.,누가,가면,을,쓴,건지
돈,어따,섰냐,그,돈,누구,꺼냐,왜집,이,5,채냐,가,핵심,이,냐,윤미향,도둑,뇬
정신,나,간,농,이네,.,신상털기,가,본질,이,냐,?,아주,국민,알,기를
이해찬,~,파이팅,~
이미,국민,들이,투표,를,통해,서,면죄부,를,줬음,.,뭔,짓거리,를,해도,용서,가능
그,아가리,닫아라,.,본질,이,뭣인줄,도,모르는,늙이,이,셋꺄,.
ㅋ,ㅋ,ㅋ,의혹,신상털기,.,ㅋ,ㅋ,ㅋ
박근혜,는,사적,인,내용,까지,다,턴거,아니,였어,??,그리,고,신상털기,가,아니,라,의혹,밝히자는,겁니다,.,어째,위안부,할머니,들보,다,정신,이,오락가락,하시는지
닭그네,는,재판,끝나고,광화문,에서,지랄,떨었나,이중,젓대,좌파,인간,들
한국,OECD,9,위,에서,11,위로,하락,.,한,기사,덮느라,애,쓰시,네,요,...,정치,그렇게,하지,맙시,다,.
해골,찬,당신,이,어떻게,518,유,공자,냐,?,검증,좀,하자,..
국민,대다수,가,일베,극우,네
쟤,네,들,관상,은,하나,같이,다,똑같냐,?,누군가,관상,은,과학,이라,하,던데,그,말,이,맞네,.
그럼,일제시대,때,일본,쪽바리,욕,하지마라,일본인,들,입장,에선,조선,이,미개,해서,교육,시키,고경,제,도,와,졌다고,우기,는,거,인정,하는거야,니,가,얘,기하,는,게,이런,논리,잖아
이양,반도,연세,가,드시니,판닥력,이,흐려지셨나,아니,면,지금껏,지영,논리,로,사셨나,조국,으로,일,년,을,국민,을,피곤,하게,하,더니,뻔한,일,을,갖고,또,이상,한,말,을,하네
더민,은,이해찬,이,가,없어져,야한다,...,대통령,보다,더한,권위,의식,을,가진,자
이,게,나라,나라,어째,바른,말,할줄,모르노,해,가,찬다,해,가차,잘못,했으면,고치,면,되는게,아니,고,벌,을,받아도,시원,찮을것,을,국,개,의원,ㅇ,란다,니,기준,은,살인자,도,반,성하,면,되고,다음,에는,않하면,된다는거잖아
부정선거,표,도둑,놈,이,입은,뚫였다고,지껄,이기,는,어이,가,없다,.,니,들,이,하는,일,은,모두,무효,다,.,부정선거,로,표,도둑질,했기,때문,에,.
노망,났다냐,~,죄,사실,에,근거,했구만,~~~,그,라고,낯짝,은,왜,그리,거무,튀튀,하노,~,간,에,병,난사람,시,롱
사케,찬,지갑,속도,털어,봐야,될것,같은데,그,지갑,속,에,윤미향,의,돈,들어있는거,아냐,?,그,돈,으로,사케,쳐,마시는거,같은데
역쉬,좌빨,은,돈,이,된다니,깨
국민,의,눈높이,와,수준,을,이렇게,모르니,답답합니다,.,국민,은,정치,적,해석,이,아니,라,정직,한,판단,을,보고,싶은,것,입니다,.,어휴,!!!
김해영,이,보기,민망,하지,않냐,....,나이,살,먹,어서,....,챙피,할,텐데,....,20년,장기,집권,다,계획,이,있었네,...,그,래야,감방,안가거든,............................,참으로,불쌍한,인간,이다,.
토착,빨갱이,족속,들은,늘,불,리하,면,친일,이니,토착,왜구,니,여론몰이,니,지랄,발광,을,하지,.,이해,골,니,눈,깔,에는,위안부,할머니,들을,등,쳐서,골수,를,뽑아,먹은,양,아치,짓거리,가,윤미향,년,의,신상털기,로,보이,나,?,더럽고,추잡,하게,생긴,년,의,신상,은,1,도,알고싶,지도,보고,싶,지도,않다,.,그러나,일제,에,몸,과,정신,을,빼앗긴,할머니,들을,또,한번,등,을,쳐서,자기,가족,들의,배,를,채운,만행,은,끝,까지,파헤쳐,어떤,족속,들이,진정,토착,족,바리,인지,세상,에,밝히는,것,이,국민,들의,명령,이다,~
지친다,좌파,논리,아직,도,똥,인지,된장,인지,구별,이,안,가네
이미,알거,다,아실거,같은데,..,왜,감싸,고도,는,지,..,내보낼,사람,언능,내보내고,깨끗하게,정,치하,는,게,당,을,위해,서도,좋은,거,아닌가,?,30년,이나,가면,쓰고,산,사람,뭐,이쁘다고,..,민주당,뽑은,국민,들,실망,시키지,말고,80년,이나,고생,하신,할머니,들,우롱,하지,말고,죄값치루,게,하고,답,은,뻔히,보이,는,데,왜,들,이러실까,증말,..,실망,스럽게,..,당,신들,이,잘해야,대통령,도,욕,안,먹는다는거,모르,시나,?
끝났네,끝났어
니놈,눈,에,뵈는게,없나,보네
해찬,",",올,바르게,산,사람,은,신상털기,해도,문제,없고,미담,이,되지,.,개,같이,산,자,들,이,신상털기,를,두려워하는,것,이고,못,된,자,들음,두렵게,만들어,못,된,짓,못,하게,하여,정의,를,실현,하는,것,이다,.
꼰대,대표,이해찬,대표,님,여론,굴복,하지,않으시렴,정치,에,있으시면,안됩니다,국민,의,여론,목소리,를,잘,기,울리는,정치인,",",민주당,이,국민,에게,필요,합니다,.
너무,길게,끌,고,와서,.,너,덜,너,덜,해졌다,.,조기,에,마무리,되었다면,회계,부정,으로,끝낼,수,있었을텐데,.,아쉽다,.
이렇게,상황,파악,이,안,되니,~~,ㅁㅊㅇ,!!!
이,영감,님,은,집,에서,손주,나,보지,무슨,정치,를,한다고,그,몸,으로,정치,를,한단,말입,니까,~,걸음,도,제대로,못,걸으,면서,~,에,유,정치,도,나이,에,상한선,을,두던지,도대체,가,정치가,모라,고오,~,글구,~,윤미향,이,잘못,한,거,있음,사퇴,해,야지,어떡하면,안고,갈까,궁리,하십,니까,~,국민,이,뽑은,정치인,국민,이,그,만두라,면,그만,둬야,쥐,~,무슨,감싸기를,하나,몰러,~
윤미향,을,감싸는게,아니,라,자신,에게,닥쳐올,앞날,에,대한,일종,의,다짐,?,처럼,들리네
보고,싶고,듣고,싶은것만,생,각하,는,외눈박이,집권,당,대표,!,대가리,를,쪼개서,뭐,가,들어있는지,알고싶다,.
뭔,개,소리,야
92,세,이용수,할머니,보다,20,살더,어린데도,.,10,살,은,더,늙은것,같음,.,말,어눌한것,부터,.,풍,온듯,떠는것,부터,.,사고,하고,말,하는것,',생긴,몰골,까지,~,100,살,아님,?
노망
니,신상,털릴까봐,떨,리지,?,우리,해,차니,는,어떻게,광주,엔,가지,도,않았는데,유공,자가,돼서,세금,을,축,내고있을까요,?
나이,를,어디,로,쳐드셨슈,?
그냥,당신,이,사퇴,하세요,국민,들을,바보,로,아,나,그,정도,도생,각,안,하고,이야기,할까,요즘,국,만,들이,의식,수준,이,얼마나,높은데
사태,의,심,각성,을,전혀,못,느끼고,있네요
이,새끼,아직,도,숨쉬고,살고있네,이제,갈,때,도,된듯,한,데,~~
부정선거,조작,개표,로,180,석,먹었고,다음,대선,도,먹으면되,고,..,사기,조작,탄핵,으로,박근혜,몰,아내,고,...,좌,빨갱이,들은,도덕성,따윈,원래,없었으니,저,들,기준,으론,돈좀,쳐,드신게,큰,잘못,은,아,니지,.,상장,조작,하는,조국,도,옹호,하는것,들,인데,.,저,들,뇌속,에,같은,편,아닌,국민,은,그저,개돼지,일,뿐
문,대통령,의,70,프로,지지율,이,민주,댱것,이,아님을,명,심해,야,합니다
해골,놈,저,놈,먼저,털어,봐야,된다,.,천하,에,제일,나쁜,여우,같은,해골,놈
그래,절대,굴복,해서,는,안,되지,.,해골,씨,는,제발,부탁,하,건대,결코,굴복,하지,마시기,를,바란,다,.,문과,해골,그리,고,180,석,민주당,의,체면,과,자존심,이,있지,그래,",",이런,사소,한,사건,에,굴복,해서,야,되겄,나,!,끝,까지,",",최후,의,일각,까지,",",모든,국민,들의,마음,이,다,돌아,서기,까지,결코,결코,굴복,하지,말고,굴복,되,지도,말라,!!
세월호,이용,해먹,은,것,보다,더,악랄,해,.,위안부,할머니,들,등처,먹고,부관참시,보다,더한,짓거리,하고,있어,.,패거리,정치,보다,건전,한,도덕성,회복,이,있어야,나라,의,희망,있다,.,민좃당,구성원,들의,인간성,밑바닥,이,이렇게,시궁창,일,줄,이야,.,한,점,양심,도,안보,여,.
야,이,개돼지,해골,새끼,야,!
이,게,너희,들이,떠들어,대던,민주,라고,?
이해찬,이,는,아직,도,거기,서,얼쩡,거리,냐,.,이제,그만,집,에가,서,요양,이나,하,시지,.,그러,다가,쓰러,지는,것,도,국민,한테,는,민폐,인걸,모르나
역시,개,.,쓰레기,다운,말,이다,.,아마,천벌,받을꺼다,..,대,깨문,씹달창뇬들,포함,해서
그냥,밀어,붙여라,ㅋㅋㅋㅋ,어차피,180,석,아니,냐,다,먹었으니,이,젠,국민,들,찍,소리,못,하게,좀,찍어,누르고,해야지,???
정신,까지,나,가면,얼마,못,간다,.
이런,작자,가,대표,라니,.....
느그,들,은,이제,진성,개돼지,된거,여,.,의,석수,180,석,인대,뭘,못,함,?,불평,불만,떠들어,봐야,소용,없음
저,새끼,눈,깔이,송곳,으로,팍,찔러,버리시는,분,한테,평생,형님,으로,모시,겠습니다,(,나이,불문,)
이해찬,!,30년,동안,윤미향,이,용돈,잘,찔러,줬냐,?,왜,쉴드,치고,ㅈㄹ,이야,?,니,가,그러면,그럴,수록,너,랑,윤미향,이랑,같은,배,탄거로,보인다,.
시간,끌기,하는거냐,ㅎ,그,래야,뺏지,달,고,불체포특권,받으면,면죄부,가,는걸,로,하,여간,더,불어,더진,시간,끌,어서,더,불어,터져라,~,하,여간,이나라,는,제대로,된,넘,들이,없어,지금,잘못,한,거,얘기,하는,거지,신상털기,왜,나오는,뎅,이,거,시간,끌기,하는거,냉,할머니,들,이용,해서,앵벌이,해서,사리사,욕,때문,에,문제,인,뎅,엉뚱한,걸,로,시간,끌기,들,어가,는,군,적당,히,해,라
민중,봉기,일자,가,점점,가까이,온,듯,^
시민,연대,랑,손,끊을,려고,일부러,던져,준,먹이,아니,었,나,",",윤미향,?,그러,면서,겉,으론,위,하는,척,?,니,들,18,번,이,잖아,~
신상,안,털었고,재,다비,리,털었는데,왜,그리,보이시,나,요
이,OOO,가,노망,이네,매국노,새끼,가
늙,어서,치매,온듯
극우,같은,소리,하고,있네,니,들,은,내,로남불,이,일상,이,냐,?
너,는,지금,까지,사실,에,기반,해서,정치,했냐,?,그러면,미리,사실,을,파악,했어야지
그냥,웃지요,.,ㅎㅎㅎ
30년,이,아니,고,300년,을,운영,했,더라도,인정,할게,있고,못,할게,있는,법,해찬,아,니,는,나이,도,지,긋,한기,겨우,공,을,먼저,말,하느냐,실,이,있음,공,은,없는것을,공당,대표,라는,사람,이,모르냐,돈,을,빼,쵸,먹었다면,그건,본인,을,위,한,기업,운영,이랑,머,가,다르냐,공익,법인,이란,걸,새겨,보겨,라,나이,만,먹지,말고
역시,더,불어,토착,왜구,당,대표,다운,말씀,이십,니,다,.,사케,찬,화이팅,!!
너희,들이,개,거품,물던,친일,적,폐가,이런,부정,비리,몰인정,으로,나타,났는데,신상털기,라고,호,도하,면,되나,공당,의,대표,라는,자가,솔직,히,잘못,을,시인,할것은,하고,해야지,ㅡ,지지,좀,받았다고,넘,교,만하,구나
과연,민주화,유공,자답게,민주,들,먹이,시,네,요,.,지금,은,180,석,무고,불위,전체주의,시국,입니다,.,젗국,한멍숙,윤미향,공수,처,누가,뭐랍,니까
그,들,은,돈,과,권력,에,도움,이,되면,어디,든,기생,한,다,.,그렇기에,세월호,와,위안부,할머니,들은,채택,되었고,제천,화재,와,이천,창고,화재,는,선택,받지,못,했다,.,희,생자,와,피해자,의,아픔,은,그,들,에게,중,요하,지,않다,.,얼마나,세력,을,끌어,모으고,연민,을,일으킬,수,있느냐,만이,그,들,의,기준,이다
180,석,확보,했다고,눈,에,뵈는게,없나,이,젠,...,30년,활동,은,30년,활동,이고,비리,부정,은,비리,부정,이고,그걸,감싼다고,?
이,것,들,은,진짜,해,쳐,먹,어도,너무,해,쳐,먹을,려고,한다,..,국민,이,밀어,줬으면,제대로,해야지,.,초등학생,도,이렇게,는,안,하겠다,..,후대,에,안부,끄럽,냐,??,너,무하,는,거,아,니니,??
말,참,4,가지,없게하네,...,민주당,니,들,의,망조,도,석양,의,검은,그림자,와,함께,서서히,다,가오,고,있,구나,..
당장,물러,나야,된다하,기전,",",샅샅,히,잘잘못,을,파헤쳐,그,결과,를,보고,엄중,히,조,치하,면,된다,.,수사,도,끝,나기,전,중죄,로,다스,리자,는,건,수용,곤란,하다,.,잘못,한,거나,오면,합,당한,대가,를,치루,도록,하자,그,전,에,너무,나가,는,일,은,조심,하고,삼가,하자
고칠것은,고친다,....,도적,질,",",앵벌이,...,이런,버릇,은,어찌,고치,나,?,고쳐주고,다시,사용,하면,또,할텐데,....
당신,이,왜,518,유공,자,인지,부터,해명,해,라,!
남한,에서,태어나서,평생,을,공산주의,사상,에,빠져있다,보니,결국,은,정신,불구자,로,사는것과,다름없다
참,더러,운,개새,오래,도,산다
더러,운짓,하지마라,진정,나라,를,생,각하,면,철저,히,수,사하라,고,해야죠,30년,운동,존,경하,죠,그럴,려면,과정,도,정의,로,워,야,죠,저,는,이런,짓,죽,어도,않,합니다,니,들,은,일상,이니까,별,양심,에,가책,도,없,지만
이,분,은,우리,나라,교육,을,망친,선구자,이십,니,다,.,이해찬,세대,라는,말이있,어요
신상털기,가,아니,라,윤미향,씨,가,할머니,들,에게,가야,할,돈,을,자신,에게로,어떻게,빼,돌렸는지,자금,을,추,적하,다,보니,",",믿,기지,않는,사실,들이,함께,드러났다고,봅니다,.,그리,고,의혹,도,아니,고,사실,이,증명,되고,있는데,민주당,에서,윤미향,씨,를,감싸는,이유,가,더,궁금합니다,.,굴복,해서,는,안된다는,말,은,할머니,가,민주당,의,윤미향,씨,감싸기에,굴복,해서,는,안된다는,말,이,맞다고,봅니다,.,민주당,이나,윤미향,씨,가,할머니,가,국민,에,대해,할,말,은,아니,라고,생각,합니다
이,해골,아,~,너,는,귀,도,",",눈,도,없냐,?
게,#,샤끼,야,"~,",남,의,허물,들출,땐,득닭,같이,달려들,더니,지,들,개차반,은,그,정돈,갠찮단다,ㅋㅋㅋ,이런,것,들,에게,180,석,주는,나라,이,게,사기,아니,냐,?,부정,투표,조사,하자
더,불당,표,도둑,들,!
그럼,신상털기,식,의혹,제기,에,당,당하,게,기부,금,사용,내,역,밝히면,됩니다,.,며칠,만,견디면,면책특권,이용,할,수,있다,~,고,숨지,말고,.
그건,너희,들,잘,하는,전술,이고,...,자기,들이,그러니,남도,그러줄,알,고,...
이제,그만,세종,자택,으로,들어,가유,~~
이해찬,이,윤미향,이,한테,뭐,받은거있냐,?,의혹,이,이렇게,심각,한,데도,감싸주는게,기부,금,중,일부,가,이해찬,이,한테,간것,처럼,느껴,지네,.,나,만,이런,생각,이,드,는걸,까,?
21,대,총선,불법,조작,부정선거,아니,라고,자신,있게,말,할,수,있나,?,해골,바가지,....,국민,들을,기만,하고,국가,를,허물,고,민주주의,를,해체,하는,더러,분,종자,들아,....,코로나,19,는,뭐,하,는가,이,더러,분,작자,들,좀,데려,가지,....
이,대표,는,여태,똥폼,잡고,입,닫고,있,다가,겨우,한다는,말,이,ᆢ,여론,이,어떻게,흘러가는지,분위기,파악,이,잘,안되나,벼,밑,에서,들,보고,많이,할,낀데,석,두,라,이해,가,안되나,?,그리,크게,머리,안,써도,이해,될,낀데,참,!!,보기,가,그러네
이해찬,당,대표,가,안된다는건,다,이유,가,있는것,이다,..,판도라,의,상자,거든,..,시민단체,가,불쌍한,사람,들을,돕겠다는,명목,으로,기부,받은,금액,으로,각종,과격,시위,대,운영자,금,",,",좌파,발언,연예인,들,용돈,주기,",",드루,킹,댓글,공작,활동,자금,등등,..,줄줄이,다,엮,여,있어,.,이,거,들추면,큰일,나니,까,덮,자고,난,리치,는,거야,.,부패,를,덮을까,?,개돼지,국민,들아,..,부패,를,보고,도,180,석,거대,여당,이니까,덮을,가요,?,^^,개돼지,들,이니까,못,본,척,하고,눈,감고,덮을거야,..,이,게,이,나라,의,수준,이,거든,.
적폐,청산,한,다는,사람,들이,이건,왜,이리,감싸나,?
그,래서,니,들,은,전,국민,의,손,으로,직접,뽑아,당선,된,두,명의,대통령,의,수많은,공,을,깡그리,무시,하고,과를,뻥티기,하고,회,쳐서,감옥,쳐놓고,일개,윤미향,인,공,을,폄훼,말,라고,.....,해골,아,!!!!,지나,가,던,개돼지,소가,웃겠다,.,완전,정신,줄,나갔,구먼,~~
조국,때,저런,태도,땜,에,민주당,서,등,돌렸는데,..,저,긴,끝,까지,저래,...
에,라이,~~
저런,발상,자체,가,어디,서,나오나,?
역시,더,불어,토착,왜구,당,대표,사케,찬
다,똑같은,것,들,ㅠㅠ
정말,민주,스럽지,않은,인간,이,민주당,대표,라니,소통,불가,수용,불가,타협,불가,합의,불가,개인,의견,불가,이건,그냥,독재자,아님,?
이런것,들한데,참패,하다니,~,기,가,막힌다,!
저,게,국민,을,대표,하는,여당,대표,가,맞나,?
민주당,이,이제,우리,세상,이라고,더,불어,막,가,파로,간다,는,뜻,인가,?,아니,면,이해,골,씨,살,만큼,살아서,겁날게,없다는,뜻,인가,?,이제,국민,은,개,돼지,로,보이,는가,?
여기,에,아베,가,있,구나
해골,찬,노망,난,듯
관상,은,정말,ㅋㅋㅋㅋㅋㅋ,거짓말,을,하지,않음
좀,디져라
OOO,.,연병,하네
진영,논리,로,가는구만,..,결국,폭로,한,할머니,만,억울,하네,...,어쩌나,...
국민,을,가르,치고,싸,우려,하다니,...,오만,이,하늘,을,찌르는,구나,.
이해찬,도,속,으론,버리고,싶겠지,ㅋㅋ,근데,그랬다간,진보,전체,에,균열,이,생길,만큼,윤미향,은,중요,한,존재,다,..,왜냐면,독립,적,으로,보이,는,진보,성향,시민단체,들을,캐,보면,하나로,엮,여,있는데,그,중심,이,정,의연,이고,그,수장,이,윤미향,임,..,30년,간,민주당,의,뒷,배후,로,활동,하고,서로,얽히고,섥힌,게,많아서,한,몸,이나,다름,없는데,..,이건,조국,보다도,쳐,내기,힘든,사안,일거다,ㅋ
저러,다가,너,도,곧,굴복,..
사실,확인,이,먼저,라면,...,니,들,이,먼저,윤미향,을,불러,...,사실조사,하면,되잖아,.....,사실,확인,안,하고,왜,질질,~~..,시간,만,끌어,?.......,니,들,이,사실,확인,의지,가,없는거,아니,냐,?.......
진짜,욕,밖에,안나,오네,.,의혹,이,있으면,털고,가면,되는,거지,의혹,해소,하는게,굴복,하는거냐
개,십,을,빠질,놈,아이,가
뭐,라고,또,뱀,같은,혀,를,나불,대는거냐,!!
선거,전이,라도,당,신들,이,이딴,소리,했을까,당,신들,은,일본,보다,더,악랄,한,것,들,이다,윤미향,감싸는,이유,가,뭔가,당,신들,의,침묵,에,한심했고,당,총리,라는,작자,의,발언,또한,놀랍다
독재자,처럼,구,는,구나,.,하긴,국민,이,개돼지,이니,.,ㅃ,쯧
지켜,야할,무슨,곡절,이,있나,??????,ㅊㅊㅊㅊ
꼴값,~~~,조주,빈,과,같은,범죄자,에,대한,신상털기,야,~~,조주,빈,은,괜찮고,",",윤미향,은,안되니,?,정작,",",정쟁,으로,몰,고가,는,놈,은,너,야,~~,개야,~~
공감,능력,이,없,어도,너무,없다,이런,사람,다시,는,보지,않았으면,한다
토착,왜구,색,히,들이,풀,발기,하는데,니,들,이,종,니,떠들어,봐야,안,먹힌다,.,가서,아베,똥꼬,나,엉덩이,구멍,이나,빨아라,색,히,들아,.,ㅋㅋㅋㅋ
하하,하,~~!,웃기,다,웃겨,~~,윤미향,감쌀,이유,가,있나,보지,?
뭔,소리,냐,?,여당,대표,가,방향성,없는,선,문답,하듯,이,하면,되냐,?,윤,뭐시기,는,위안부,피해자,들을,통해,서,사회,적,으로,알려졌는데,",",단체,운영,이,잘못,되었다면,제대로,사과,하고,",",사과,로,끝날,일이,아니,면,당,당하,세,사퇴,하고,",",조사,를,받아라,.,피해자,당사자,분,이,운영,이,잘못,되었다고,하면,문제,가,있는거다,.,90,넘,은신,분,이,세상,에,뭐,가,미련,이,있다고,기자회견,까지,하겠나,?,위안부,피해,에,대한,운동,취지,가,훼손,되지,않게,윤씨,가,사퇴,하는게,정답,인거,같다,.
하여튼,뻔,뻔한,민주,",",진보,좌파,",",운동권,ㅅㄹ,들
이,인간,은,진짜,로,해골,이,되,어가,네,보면,볼,수록,면상,이,비호감,으로,변해가네,.
조,사하,다,보니,이,것,도,이상,저,것,도,수상한,데,...,ㅡㅡㅡㅡㅡㅡ,이,걸,보고,신상털기,라고,?.,ㅡㅡㅡㅡㅡㅡㅡㅡㅡㅡㅡㅡ,정치,허는것,들은,그저,입,만,살,아가,지고,...,지,덜,생각,하고,싶은,대로,만,....
너희,편,지키기,미친,늙은,해골,바가지
사케,찬,ㅋㅋㅋㅋㅋㅋㅋㅋㅋㅋㅋ
성숙,한,민주주의,는,너,처럼,질,~,질,끌,면서,감싸고,보는,?,머릿수,째,우기,급,급,한,늠,.
참이,시키는,김어준,시키,하고,똑같,은시,키,야
사과,하고,진실,을,밝혀야지,또,정쟁,논리,로,가네,...,진짜,후진,정치,들,한다,.,그냥,후진,당해,...
민주당,쪽,선거,자금,중,일부,는,할머니,들,돈,일수,도,있다는,생각,이,~~
인간,아,나이,값좀해,라,~~~
먼저,가신,할머니,들,께서,밤꿈,에나,타나,서,면상,에,침,을,뱉어,버려야,될,인간,.
폄하,안,합니다,!!,그러니까,제명,하고,사퇴,시,키세,요,!!
민주당,저,것,들,은,일단,아니,라고,우김
어휴,팩트,가지,고,얘기,하세요,자금,출처,나,당당히,밝히,라고,~~,끌,지,말고
1,번,투표,한,국민,들은,지금,도,잘,했다고,생각,하나,?,사기꾼,이,국민,의,대표,인,현실,...
해골,아저씨,싱,상,털기가,아니,고,잘못,된것,지적,허는데,왜,해골,씨,만,신상털기,로,생각,합,니까,?
해골,따위,가,무슨,뇌,가,있을까
세월호,털고,털고,",",박근혜,뒤,지고,뒤,지고,",",전두환,노태우,패고뒤쫗,고,",",이보,다,더한,신상털기,이해찬,데모,짓,하던것,들이,허구,헌,날,하던,짓,이,신상털기,야,누구,보고,신상털기,라,하나,광주,사태,파고파고,누가,신상털기,하나,....,뻔,뻔한,인간,들,..,ㅡㅡ,종북주의자,들,내,편,아니,면,친일,이라,몰아,붙이,지,...,정권,재창,출,어림,없다,.
조구,기,때,랑,똑같네,조,사하,다,보니,이,것,저,것,당연히,나와,~,처음,부터,인,정안,하니,꼼,꼼수,사가,당,연한,거야,~,이,거,형편,없는,인간,이네,~
자금,흐름,이나,얘기,하라,고,그게,어렵나,?,여기저기,입,맞추느라,힘들지
빨갱이,.,OOO,고자,새끼,팔,은,안,으로,급,는다,더니,180,석,얻으,니까,눈,까리,뵈는게,없나,에,라이,고자,새끼,야
노망,에,비참,한,인생,...,해찬,들,일,쎄,....,비전,없는,나라
의혹,이,나오면,의혹,을,해명,해,라,!!!,근거,없는,모략,이라고,감싸지,말고,...
정의,와,상식,",",공정,의,기준,을,너희,들,맘대로,끌어내리고,바꿔,버리고,들,이대,는,작당,들,반드시,심판,을,받지,않으면,대한민국,은,미래,가,없다,!!
조중동,은,무서워서,댓글,못,달겟네,ㅋㅋ,너무,편향,적,이다,...,의견,이,업치락,뒤치락해,야,정상인,데,..,너무,까,대는,댓글,만,....,으,싫,어진,당,ㅠㅡㅠ,담,에도,배제,하고,찍어야,쥣,...,여기,댓글,보면,진자,레알,탈진,맞은거,같음,....
해골,찬,!,같은,기생충,!
와,~~,저,사람,은,생긴,몰골,부터가,인간,이,아닌듯,..,ㅠ
이해찬,씨,가만히,보면,정반대,편의,전두환,시대,의,독재,를,보는,것,같은,섬뜩,함,을,느낀다,.,군부독재,의,시대,에서,좌파,독재,의,시대,로,한국,은,가고,있,음,을,요즈음,언론,이나,여당,정치인,들을,보면,알수있다,.
재야,단체,이용,해먹,다,캥,기는게,많은,가보,네,......
너,같은게,아직,정치,판,에,있으니,성숙,한,민주,사회,가,못,된단,생각,안해,봤냐,?,하루,빨리,이승,을,떠나면,안되겠니,?
윤미향,으로,제일,큰,이익,을,얻을,집단,이나,사람,은,?,검찰,.,미,통,당,.,보수,언론,.,일본,.,그리,고,재벌,.,이,들,중,에,범인,이,있다,.,단수,거나,복수,거나,!
제,정신,이,아닌,사람,이,거,긴,왜,있느냐,..
진실,을,신상털이,로,덮으려는,야비,한,꼼수,그만,부려라,.,국민,이,판단,할거다,.
같은,페,거리,이니까,당선,시키지
해골,이,드뎌,미쳐가는군,ㅉㅉ
유유상종,이라고,지,들도,시민단체,활동,때,기업,들,기부,금,갈취,해서,개,인적,으로,착복,했으니,다,그런,거지,뭘,따지냐,?,이런,거지,~~
아주,똥,을,싸라,똥,을,싸,...,그동안,당,의견,제대로,안내,고,있,다가,고민,해서,하는말이,신상털이,??,위안부,할머니,를,공격,하고,있는,세력,이,바로,토착,왜구,다,..,어디,다가,함부로,반일감정,내세,워,토착,왜구,프레임,공작,이나,하는,놈,들,이,할말이,아니,다,..,할머니,가,진정,원하는것은,역사,바로,알,리기,를,통해,일본,의,진정,한,사죄,를,받,아내,야,하는것,이고,이,걸,토대,로,양국,간,사이,좋고,지내며,미래,로,한,걸,은,씩,나,아가,라는,것,이지,진영,논리,에,편승,해서,역사,를,자기,입맛,대로,해석,하는,것,이,아니,다,..,좀,할머니,기자회견,듣고,부끄러운것이,없단,말,인가,...
상식,적,으로도,문제,가,엄청,많구만,.,지능,차이,가,어떻게,이렇게,까지,날,수가,있지,?
이,노무,색히,는,가만히,았,어도,욕,먹을텐데,뭐,라고,씨,부리,나,?
사,실로,판명,나,면,주,댕,이를,콱,....
이용수,할머니,도,공동,책임,을,져야,합니다,.,같은,조,직원,으로,감시,시,정안,하고,방관,하고,힜,다가,권위,올려,주니,까,돈,까지,탐나서,하는,배은망덕,한,행위,로,보입니다,.,1억원,이상,수령,했네요,인권,운동,가,는,무보수,로,하는줄,알았는데,명예,얻고,돈,까지,탐냐는,모습,입니다,ㅣ,.,큰,실수,했,어요,일본,보수,한국,보수,전쟁,시,여성,은,인권,이,없다고,막말,합니다,.
이,것,들,이,이제,눈,에,뵈는거,없나,!!!,180,석,만들어,준,사람,들,진짜,석고,대죄,해,라,이,게,나라,냐,!!!
이,것,들,은,지,들,편이,면,살인자,도,의인,으로,둔갑,시킬자,들,이지
윤미향,굴복,이,민주당,굴복,은,아닙니다,잘못,된건,잘못,되었다고,인정,해,야,민주당,이,사는,겁니다
이,게,민주당,이고,민주주의,냐,?,민주당,이,너무,커버,려,서,오만,이,가득,하네,.,민주당,이,왜,위안부,할머니,를,못,보냐,?,아니,일부러,안보,는,거,냐,?,해도,해도,너,무하,네,.,이건,진짜,아닌것,같다,.,이제,민주당,도,국민,을,개돼지,로,알겠네,.,국민,이,진실,을,원,하고,하는데,또,당파,타령,.,ㅉ,ㅉ,ㅉ
ㅈ,ㅣ,랄
동감,이다,.,무조건,나쁘다는,식은,반대,다,.,이용수,할머니,주장,이,무조건,옳고,선하,다,고,볼,수,있나,?
썩은,동태,눈,깔,인거,보니,다,됐,구나,...,지옥,행,열차,타고,잘,가라
민주당,이나,시민단체,나,어디,에도,정의,와,공정,은,없고,진영,논리,와,좌파,빨갱이,들의,모습,만,볼,뿐,이다,.,그렇게,오랜,세월,정,치하,고서,는,아직,도,국민,들의,민심,을,모르냐,?,아니,면,알,면서,도,무시,하냐,?,180,석,의,책임,을,다해,라
저런,자,들,좋다고,찍어,주지,않았,는가,?,그럼,그냥,좋다고,맞다고,빨아줘라,...,그,나라,정부,는,그,나라,국민,수준,에,맞는,정부,를,가진다고,했으니,뭐,....
OOO,들은,인정,을,안,하네요,~
쯧쯧,손바닥,으로,하늘,을,가려라,꿩,도아,니,고
신상털기,는,더,불어,민주당,",",더,불어,민주당,지지자,",",대,깨문,",",친문,",",청와대,",",각,정부,부처,들이,더,했으면,했지,일반,사람,들이,했겠냐,?,일반,사람,들은,언론,에서,나오는,것,만,보고,지,적하,는,거,다,.,사람,까는,것,은,주사파,사회주의,자,들,이,전문,분야,쟌,여,.,그러니까,",",너,네,들,은,군대,해체,시키고,주한,미군,철수,",",미국,과,국교,단교,시키,기만,해,라,.,너,네,들,이,마지막,할,의무,이자,책임,이다,.,이,나라,를,끝,장내,고,싶어,한다는,것,을,너,네,들,이,몸소,보,여주,고,있으,니까,.,====,주사파,사회주의,공화국,만세,만세,만만,세,.
저,질,들,은,저,질,을,감싸기,마련,!,정계,집,",",한계,집,",",윤계,집,저,질,3,인방,을,감싸도는,유유상종,저,질,우대,당,.
좌빨,꼴통,들,은,전부,소,각장,으로
굴복,안된다니,참,뻔뻔,하고,낮짝,두껍다,이런,자,들,에게,내,가,낸,세금,으로,월급,을,주,려니,피,가,꺼,꾸로,솟는다
이,젠,너무,지친다,이,나라,정치인,들,한테,.....
정말,진영,보호,밖에,없는,인간,들,~,지,들이,공격,할,사건,들은,진,을,짜내,듯이,수사,재수,사라,난리,난리,치면,서,이,게,할,소리,냐,?,이,래서,끼리끼리,엮,여,있다는거야,~
노정,부때,골프,치,다가,걸려서,전전긍긍,하,더니,참,황,당하,네,.,걍,조용하게,살,면,안되는,교,?!!
운동권,출,신들,은,정,신세계,가,80,년대,에,박혀,있음,.,그러니,상대방,은,항상,타도,대상,이고,자기,들은,동지,니까,지켜주고,.,이,게,운동권,들,에게,정권,을,맡긴,결과,이다,.
5,18,유공,자,자격,이나,조사,해,라,아닌,놈,들,다,잡아,밝혀라
심하다,궁지,몰리,니,방어,적,몸,사리,기치곤,너무,현실,을,모르는,양반,아
80년,518,광주,https://blog.naver.com/hanildo/150175659790,",",인,공기,를,훼손,",",소,각하,는,것,을,',범법,행위,',라고,주장,한,것,이,이해찬,이다,.,이런,인간,이,5.18,유공,자였다니,...,쓴웃음,이,난다,.,우리나라,국기,태극기,가,태워졌을,때,이해찬,은,무슨,생각,을,했을까,?,http://www.futurekorea.co.kr/news/articleView.html?idxno=7565
제발,정신,들,좀,차리고,국민,의,여론,도,살피,라,구요
제,가,민주당,지지자,인데,.,해,찬이는,노망,난,게,맞습니다,.
정신차려라,이해찬
윤미향,감싸주는,5.18,가짜,유공,자,이해찬,.,역시,끼리끼리,놀고있네
상식,이통,하지,않는,나라,가,되었네
이,할아버지,에게,저,위치,와,마이크,준,분들,뒷,목,잡겠는,ㅎ,거짓,과,엉터리,막말,만,맨날,해대,는,할아버지
내,로남,불의,끝판,왕,이네,",,,",대체,뭘,갖다,바쳤길래,저렇게,쉴드,를,쳐주나,궁금하네,ㅋㅋㅋ
선거,끝,나니,눈,에,보이,는,게,없지,그냥,내,편이,면,무조건,정의,요,선,이고,반대,는,무조건,악,이고,적,폐지,ㅅㅂㄱ,들,좌파,진짜,토나온다,엠비씨,기사,회견,유툽,실시간,보는데,진짜,무섭고,소름,돋더라,다,할머니,욕,할매,ㅁㅊ,으면,뒤져,대구,할매,그냥,뒤,ㅈ,요,돈,이,그리,좋아요,?,일본,편드,네,ㅋㅋ,토착,왜구,였네,등등,진짜,인간,들이,맞는지,아님,중국,댓글,부대,인지,근데,소름,이,80,프로,이상,욕,을,하더군요,나라,가,걱정,입니다,.....
얘,말하는것,보면,얘,들,생,각하,는,것,과대망상,피해망상,증세,과,도하,네,.,조현증,수준,아,냐,?,완전,국민,정서,와,동떨,어진,쌩뚱,맞음,.
문제,인거,다,굴복,이라니,이러니,늙은,정치인,은,안되는거다,...,저런,말,행동,들이,다,배우,는,거,다,못,된,생각,들을,...,에,라이,집,에나,콕,박혀,잇어라,짜증,나니,깐
정,의연,출신,에,더,불어,민주당,국회의원,당선인,인,윤미향,님욕,하지,마세요,토착,왜구,들의,선동,에,넘어,가지,말고,힘,내세,요,이해찬,대표,님,최고,이십,니,다,!!
두,양,대정,당,완전,짜증,우리나라,대표,들,수준,걱정,이다
역시,뭐,가,있,구나,~,비례대표,공천,순번,?
당,대표,가,어지간히,할,말,이,없나,보네,.,뭔,신상털기,야,.,합리,적,의심,이,어디,한,둘,이냐,.,조국,사태,랑,아주,판박이,식,대처,네,.,니,들,이,선거,에서,이겼다는게,도저히,이해,가,안,간다,..,아주,대한민국,이,망조,가,들렸어,!!
등칠,데,가,없,어서,할머니,들,등,쳐서,돈,벌이,했냐,?,30년,동안,ㅉㅉ,정의,연대,당장,설립,허가,취소,시켜라,~~~~~,윤미향,당장,국회의원,파면,시키고,당장,감방,쳐,넣어라,~~~~~~~~
이해찬,저,분,은,아마,이렇게,말,했을듯,..,자자,..,다,저,정도,는,해쳐,먹었잖아요,..,그냥,넘어갑시다,....,그러니,일동,입,을,못,여는거죠,...
국회의원,당선자,신상,터,는,거,정상,이잖아,",",워낙,양,아치,들이,많으니
여기저기,서,모금,",",공금,..,삥땅,치고,국회,입성,하는게,신상털이,니,해골,아,?,180,석,얻고,나니,국민,이,눈,에,안,보이지,?
밝혀,보면,알겠지,!
저,새,골,바가지,가,치매,인가,?,ㅋㅋㅋ,왜,저러냐,?
이,영감,탱,이,가,미쳤나,??,신상,을,털,라는,게,아니,라,부정,을,바로,잡자는것이잖아
신상털기,는,좌뻘들,주특구,만
이해찬,파면,역대,급,비리,투,성,일듯,...,청렴,하지,못,한,놈,이,저,자리,에,있으니,전체,가,부정부패,가,만,연하,지
조,쿡,봐라,....,좌빨,신상,털면,드러운,범죄,드러남,ㅋㅋㅋ
이정,도,악취,면,손,절감,인데,.....,비호,하는,치,들,혹,떡,고물,묻힌것,아닌가,?
민주당,겸손,하자,더니,이해찬,두,얼굴,속,다르고,거,따르고,",",얼마나,지났다고,깝죽,교만,어준똘,마니,앞세워,꽹과리,치,게,하고,뒤,에서,교만,떠냐,.,민주당,너희,들이,다음,선거,에,참패,하고,목,떨어,지는,소리,를,들어야,또,잠깐,정신,차리겠지,.,정,신차,리라,.,뇌,없던,미,통,당,뇌,이식,중이,다,.,뇌,이식,끝나면,미,통,당,이,민주당,변,대가리,들,쯤,이야,콱,그냥,이,겠지
노친,네야,사태,파악,이,안되냐,?,쳐,맞고,싶냐,?,얻어,터,지고,싶냐고,?,어,?
이,영감,이,아직,도,상황,파악,을,못,하네,.,어휴,..
이해찬,이,ㅡ,그,옛날,열린,우리당,으로,돌아갈꺼,같으나,ㅡㅡ,얼릉,동네,경로당,에가,서,인사,나,해,라,얻어,터지,기전,에,---
해골,찬,이제,는,사고,능력,이,없네
이해찬,막판,에,꼴값,을,떠시네,ㅡ,그냥,세종시,에가,서,기도,하던가,그려,그게,머,여,나이,먹구,욕,이나,ㅊ,쳐,먹으시고,ㅡㅡ,얘,지,간하다,그,정도,했으면,은퇴,해,야지,ㅡㅡ
이,할아버지,오락가락,하는데,판단,능력,이,갔네요,...,그만,북조선,으로,가서,50년,집권,한,다고,냉면,처,먹,어요,...
돌,아가,는,꼴,을,보니,아무,래,도,이해찬,이,가,윤미향,이,한테,받아,처,먹은게,많아서,단호,하게,할,수,없는,상황,이,아닌가,추측,된다,.,아니,라면,너,는,지금,정치,적,감각,이,민심,을,읽는,인지력,에,상당,히,문제,가,심,각하,다,고,말,해주,고,싶다,.,어떤,측면,이든,이채,찬이는,당장,대표,직,에서,물러,나야,할,상황,인,것,은,분명,한,거,같다,.
같은,편이,라고,감싸는,것,은,아니,라,생각,한,다,.,만,천하,에,드러나는,것,을,",",손,바닥,으로,눈,을,가렸나,?,아니,면,망령,인가,...
비유,하자,면,",",오랫동안,마셔,온,샘물,이,원래,몹쓸,물이,었다,면서,갑자기,침,뱄고,독풀,고,떠나는,격,이다,.,수질검사,는,아직,하,지도,않았는데,.,내,맘,에,어긋나,면,결별,할,수,있,지만,",",미우나고우나,자신,이,오랫동안,몸,담았던,단체,를,철저,히,파괴,해,야,겠다는,집념,이,무섭,기만,하다,.,이런,문제점,을,모를리,없는,정의,연대,가,이용수,노인,의,궤변,과,억지,를,반박,•,비,판하,지,않고,끝,까지,감싸는,태도,가,경이,로,울,뿐,이다,(,나신,하님,글,퍼옴,)
이번,에도,반대,세력,은,친일파,로,프레임,짜서,공격,해,라,...,뭐,하냐,???,맘,까페,",",좌,시민단체,",",민폐,노총,에게,지령,내려야,제,???,그저,부자,와,기업,들,세금,수탈,해서,깨문이,들,보조금,몇,푼,씩,만,쥐어주면,영구,집권,가능,해,...,대신,자본가,와,기업,들은,헬,조선,떠나겠,제,...
은퇴,언제,쯤,?
이,양반,부터,빨리,은퇴,시켜야,할듯,!
너,안,죽었냐,?,대체,투표,권,을,개,OOO,까지,다,하게,만든거냐,기,본적,인,개념,은,가진,사람,이,투표,하게,해,라,나라,를,아주,작살,을,내는것도,모자라,뻔,뻔한것,들,밖에,없냐
이해찬,이,가,518,유공,자,명단,에,있고,윤미향,이,국회의원,된다는,사실,2,가지,가,대한민국,을,망하게,하는,일,이다,공정,과,정의,가,사라,진,세상,된다,나라,에,정의,는,사라,젔다
끼리끼리,충,성하,네,//,미친
저,시체,도,국정조사,해,야한다,",",많이,해처,먹었다는,이야기,가,있다,",",그리,고,저년,하고,자빠져,잤나,?,돈,같이,해처,먹었나,?,보,니까,몇,살,안처,먹었는데,걷는것,보,니까,바로,되지겠다,",",때려,죽일,놈,","
이해찬,이,사람,중국사람,이,랍니다,.,그렇기,때문,에,",",대한민국,국민,에게,굴복,하면,안된다고,자기,네,편,들,",",다그,치는,모양새,라고,하네요,.
180,석,민주당,과,이해찬,의,자신감,인가,?,자만,심,인가,?,오만,함,인가,?,교만,인가,?,안하무인,(,眼下無人,),인가,?,이,래서,완승,(,完勝,),압승,(,壓勝,),낙승,(,樂勝,),보다는,신,승,(,辛勝,),이,좋다고,한다,.,민주당,은,벌써,선거,압승,으로,인해,승리,의,기분,에,취해,자만,심,과,오만,함,을,보이,고,있다,.,많은,국민,이,의혹,을,갖고,있는데,굴복,하면,안,된다니,?,민주당,은,어찌,이해찬,의,함구,하라,는,상,명,(,上命,),으로,다른,이,는,방패,가,되며,하복,(,下腹,),하,는가,?,이런,게,민주,(,民主,),인가,?,부끄러운,줄,알,아야,한다,.
윤미,항의,배후,가,밝혀,지는,구나,.
6.25,용사,들은,돌,아가,셔,도,끝,까지,유공,자,되기,힘들고,...,데모,하던,애,들,은,전부,유공,자,되네,..,이,멍멍,이,같은,나라,여,.....
당,신들,은,신상털기,안,했,어요,?,위치,가,바뀌었다고,말,이,바뀌는게,사람,의,속성,이,긴,하나,당,신들,은,너,무한,거,같네요,.
해골,씨,!,',신상털기,',가,아니,라,범법,자라,는,거야,그리,고,느그,들,이,조,아하,는,도덕성,이,꽝,인,인물,이라는,거야,.,정치,꾼,인,주제,에,감히,국민,을,상대로,헛소리,를,하면,안되지
미친,해골,바가지,""""""
이해찬,스스로,의혹,에,굴복,해,선,안된다,손바닥,으로,하늘,을,가릴수,있나,황당,한,지도자,이다,부,정의,하고,불공정,한,데,가담,한,공법,자,이다,공천,에,대한,책임,을,지고,정계,를,물러,나라,나라,가,자기,손안,에,있는것,처럼,오만,교만,의,극치,를,보,여주,고,있다
180,석,의,위력,이,대단하다,.,국민,의,대다수,의견,도,누르는,파워,!!!,근데,그,힘,이,부정선거,로,인한게,밝혀,지면,?,한,방,에,갈텐데,..
성숙,한,민주,사회,가,발,전하,려면,어찌,해,야,되냐,.,이해찬,씨,.,당신,이,지금,역행,하고,있,는걸,모르냐,.,당신,이,518,유공,자가,된,경위,를,200,자,원고지,20,매,분량,으로,서술,하시요,.
유시민,이,가,제일,두려워하는,노무현재단,의,통장,들여다,보면,엄청,난,일이,일어,나,거던,....,이해찬,이,유시민,이전,의,노무현재단,이사장,이,었으,니,......,ㅋㅋㅋㅋㅋㅋㅋㅋㅋㅋㅋㅋㅋㅋㅋㅋㅋㅋㅋㅋㅋㅋ
해골,바가지,지,롤,을해,라
윤미향,을,적,극적,으로,감싸는것을,보니,뭔,지모,르,지만,냄세가,풀풀,나는것,같다,검찰,은,철저,히,수,사하,여,위법,사실,이,발견,되면,지위,고하,를,막론,하고,관련,자,모두,를,빠짐,없이,구속,수사,해야,한다
부정선거,진상,규명,해,라,.,FOLLOW,THE,PARTY
